[{"pk": "ff7097cc228f3b4663f4acd220919b67", "model": "sessions.session", "fields": {"session_data": "gAJ9cQEoVRJfYXV0aF91c2VyX2JhY2tlbmRxAlUpZGphbmdvLmNvbnRyaWIuYXV0aC5iYWNrZW5k\ncy5Nb2RlbEJhY2tlbmRxA1UNX2F1dGhfdXNlcl9pZHEEigEBdS5lYzQ5Zjc5ZWU3ZGYxOGE4MGZl\nODFkYzY5NjJjNGMwMQ==\n", "expire_date": "2011-03-09 00:25:15"}}, {"pk": "19380c9896c778e115efd013ba946c31", "model": "sessions.session", "fields": {"session_data": "gAJ9cQEoVRJfYXV0aF91c2VyX2JhY2tlbmRxAlUpZGphbmdvLmNvbnRyaWIuYXV0aC5iYWNrZW5k\ncy5Nb2RlbEJhY2tlbmRxA1UNX2F1dGhfdXNlcl9pZHEEigEBdS5lYzQ5Zjc5ZWU3ZGYxOGE4MGZl\nODFkYzY5NjJjNGMwMQ==\n", "expire_date": "2011-03-08 23:42:14"}}, {"pk": "4b5e12c1ba6e484233c4b32e889ecf12", "model": "sessions.session", "fields": {"session_data": "gAJ9cQEuZGU4NTQxZWIyZjZkZjQwZDRhZmZhNDRmOGViMmZhNmM=\n", "expire_date": "2011-03-30 17:29:12"}}, {"pk": "6ab27b1d374d1b8e25cd5b6cb1ff0d2d", "model": "sessions.session", "fields": {"session_data": "gAJ9cQEoVRJfYXV0aF91c2VyX2JhY2tlbmRxAlUpZGphbmdvLmNvbnRyaWIuYXV0aC5iYWNrZW5k\ncy5Nb2RlbEJhY2tlbmRxA1UNX2F1dGhfdXNlcl9pZHEEigEBdS5lYzQ5Zjc5ZWU3ZGYxOGE4MGZl\nODFkYzY5NjJjNGMwMQ==\n", "expire_date": "2011-03-10 21:19:09"}}, {"pk": "ad06d52c216fd5310ac9dc4e2c946962", "model": "sessions.session", "fields": {"session_data": "gAJ9cQEoVRJfYXV0aF91c2VyX2JhY2tlbmRxAlUpZGphbmdvLmNvbnRyaWIuYXV0aC5iYWNrZW5k\ncy5Nb2RlbEJhY2tlbmRxA1UNX2F1dGhfdXNlcl9pZHEEigEBdS5lYzQ5Zjc5ZWU3ZGYxOGE4MGZl\nODFkYzY5NjJjNGMwMQ==\n", "expire_date": "2011-03-11 01:55:10"}}, {"pk": "93a869e12cb4ee3804dc10f372f235f3", "model": "sessions.session", "fields": {"session_data": "gAJ9cQEuZGU4NTQxZWIyZjZkZjQwZDRhZmZhNDRmOGViMmZhNmM=\n", "expire_date": "2011-03-30 17:29:12"}}, {"pk": "c8d3c725b35ba2a192708a983acacbc1", "model": "sessions.session", "fields": {"session_data": "gAJ9cQEoVRJfYXV0aF91c2VyX2JhY2tlbmRxAlUpZGphbmdvLmNvbnRyaWIuYXV0aC5iYWNrZW5k\ncy5Nb2RlbEJhY2tlbmRxA1UNX2F1dGhfdXNlcl9pZHEEigEBdS5lYzQ5Zjc5ZWU3ZGYxOGE4MGZl\nODFkYzY5NjJjNGMwMQ==\n", "expire_date": "2011-03-24 20:36:38"}}, {"pk": "eacead8005108a20d89c5e31e8f4b29b", "model": "sessions.session", "fields": {"session_data": "gAJ9cQEuZGU4NTQxZWIyZjZkZjQwZDRhZmZhNDRmOGViMmZhNmM=\n", "expire_date": "2011-03-24 20:39:44"}}, {"pk": "b20caff9ebf139ee3e508bb7982c7a69", "model": "sessions.session", "fields": {"session_data": "gAJ9cQEuZGU4NTQxZWIyZjZkZjQwZDRhZmZhNDRmOGViMmZhNmM=\n", "expire_date": "2011-03-24 20:48:48"}}, {"pk": "7b4479f32db743c2b018b32acf1b7ec3", "model": "sessions.session", "fields": {"session_data": "gAJ9cQEuZGU4NTQxZWIyZjZkZjQwZDRhZmZhNDRmOGViMmZhNmM=\n", "expire_date": "2011-03-24 20:58:48"}}, {"pk": "75ec6723eaecde69ea9bf27829880a24", "model": "sessions.session", "fields": {"session_data": "gAJ9cQEuZGU4NTQxZWIyZjZkZjQwZDRhZmZhNDRmOGViMmZhNmM=\n", "expire_date": "2011-03-30 17:29:12"}}, {"pk": "4cb9bc7eed3156ba097e9250650c8ff0", "model": "sessions.session", "fields": {"session_data": "gAJ9cQEuZGU4NTQxZWIyZjZkZjQwZDRhZmZhNDRmOGViMmZhNmM=\n", "expire_date": "2011-03-30 17:29:12"}}, {"pk": "6f2dc8e56ec71d43ab0dc397d7f0498e", "model": "sessions.session", "fields": {"session_data": "gAJ9cQEuZGU4NTQxZWIyZjZkZjQwZDRhZmZhNDRmOGViMmZhNmM=\n", "expire_date": "2011-03-30 17:29:12"}}, {"pk": "364e328417a5576b4eec000c763e860d", "model": "sessions.session", "fields": {"session_data": "gAJ9cQEuZGU4NTQxZWIyZjZkZjQwZDRhZmZhNDRmOGViMmZhNmM=\n", "expire_date": "2011-03-30 17:29:12"}}, {"pk": "089565cf91aae142dfa5b464fde2b13f", "model": "sessions.session", "fields": {"session_data": "gAJ9cQEoVRJfYXV0aF91c2VyX2JhY2tlbmRxAlUpZGphbmdvLmNvbnRyaWIuYXV0aC5iYWNrZW5k\ncy5Nb2RlbEJhY2tlbmRxA1UNX2F1dGhfdXNlcl9pZHEEigEBdS5lYzQ5Zjc5ZWU3ZGYxOGE4MGZl\nODFkYzY5NjJjNGMwMQ==\n", "expire_date": "2011-03-31 00:46:47"}}, {"pk": "6f1c8983b453466cccaae75b213a8224", "model": "sessions.session", "fields": {"session_data": "YmQzMGFkYTQ1Yjk4MzQ1MTdjMDhhY2E1MzAyY2M2M2UzYTJkZTI1YTqAAn1xAS4=\n", "expire_date": "2011-08-24 22:52:20"}}, {"pk": "c65b7f7a1f5c901d64595672554a0305", "model": "sessions.session", "fields": {"session_data": "MWQ0NDNiMGY5NGFmMDY2ZWMyYTUxOTgyYmZiMDUzN2Q4M2U4M2VjYjqAAn1xAShVEl9hdXRoX3Vz\nZXJfYmFja2VuZHECVSlkamFuZ28uY29udHJpYi5hdXRoLmJhY2tlbmRzLk1vZGVsQmFja2VuZHED\nVQ1fYXV0aF91c2VyX2lkcQSKAQF1Lg==\n", "expire_date": "2011-09-02 23:20:57"}}, {"pk": "b987971a3b49921cb7d526c1e5b19529", "model": "sessions.session", "fields": {"session_data": "MWQ0NDNiMGY5NGFmMDY2ZWMyYTUxOTgyYmZiMDUzN2Q4M2U4M2VjYjqAAn1xAShVEl9hdXRoX3Vz\nZXJfYmFja2VuZHECVSlkamFuZ28uY29udHJpYi5hdXRoLmJhY2tlbmRzLk1vZGVsQmFja2VuZHED\nVQ1fYXV0aF91c2VyX2lkcQSKAQF1Lg==\n", "expire_date": "2011-11-03 17:44:43"}}, {"pk": "26b68619c0ba3acffdb676205e596e6e", "model": "sessions.session", "fields": {"session_data": "MjM5MjU1ZjE5MmJkNzhjOTY1MGJiNjc3ODI0N2MwMTFiM2FjMGU3OTqAAn1xAShVEl9hdXRoX3Vz\nZXJfYmFja2VuZHECVSlkamFuZ28uY29udHJpYi5hdXRoLmJhY2tlbmRzLk1vZGVsQmFja2VuZHED\nVQ1fYXV0aF91c2VyX2lkcQRLAXUu\n", "expire_date": "2011-11-22 19:42:45"}}, {"pk": "69539eec45a548222d7059ef05a2db3f", "model": "sessions.session", "fields": {"session_data": "MjM5MjU1ZjE5MmJkNzhjOTY1MGJiNjc3ODI0N2MwMTFiM2FjMGU3OTqAAn1xAShVEl9hdXRoX3Vz\nZXJfYmFja2VuZHECVSlkamFuZ28uY29udHJpYi5hdXRoLmJhY2tlbmRzLk1vZGVsQmFja2VuZHED\nVQ1fYXV0aF91c2VyX2lkcQRLAXUu\n", "expire_date": "2013-07-27 17:40:34"}}, {"pk": "5e62a6d36022e48d37494a9958e261cd", "model": "sessions.session", "fields": {"session_data": "MjM5MjU1ZjE5MmJkNzhjOTY1MGJiNjc3ODI0N2MwMTFiM2FjMGU3OTqAAn1xAShVEl9hdXRoX3Vz\nZXJfYmFja2VuZHECVSlkamFuZ28uY29udHJpYi5hdXRoLmJhY2tlbmRzLk1vZGVsQmFja2VuZHED\nVQ1fYXV0aF91c2VyX2lkcQRLAXUu\n", "expire_date": "2013-07-27 17:41:28"}}, {"pk": "a5001a6bc2a50bf08bdd28abd35ab1df", "model": "sessions.session", "fields": {"session_data": "MjM5MjU1ZjE5MmJkNzhjOTY1MGJiNjc3ODI0N2MwMTFiM2FjMGU3OTqAAn1xAShVEl9hdXRoX3Vz\nZXJfYmFja2VuZHECVSlkamFuZ28uY29udHJpYi5hdXRoLmJhY2tlbmRzLk1vZGVsQmFja2VuZHED\nVQ1fYXV0aF91c2VyX2lkcQRLAXUu\n", "expire_date": "2013-07-27 19:07:38"}}, {"pk": 1, "model": "sites.site", "fields": {"domain": "example.com", "name": "example.com"}}, {"pk": 1, "model": "core.accessentity", "fields": {"last_updated": "2013-07-13 17:01:48"}}, {"pk": 2, "model": "core.accessentity", "fields": {"last_updated": "2011-02-22 23:27:48"}}, {"pk": 2, "model": "core.group", "fields": {"name": "General", "parent": null, "details": null}}, {"pk": 1, "model": "core.user", "fields": {"name": "admin", "default_group": 2, "disabled": false, "other_groups": [], "user": 1, "last_access": "2011-02-22 23:19:11"}}, {"pk": 15, "model": "core.object", "fields": {"last_updated": "2011-02-22 23:19:44", "links": [], "creator": null, "dislikes": [], "object_type": "hardtree.core.models.Perspective", "nuvius_resource": null, "read_access": [], "object_name": "Default", "full_access": [1, 2], "comments": [], "subscribers": [1], "date_created": "2011-02-22 23:19:44", "trash": false, "tags": [], "likes": []}}, {"pk": 16, "model": "core.object", "fields": {"last_updated": "2011-02-22 23:22:25", "links": [], "creator": null, "dislikes": [], "object_type": "hardtree.identities.models.ContactField", "nuvius_resource": null, "read_access": [], "object_name": "Address", "full_access": [1, 2], "comments": [], "subscribers": [], "date_created": "2011-02-22 23:22:25", "trash": false, "tags": [], "likes": []}}, {"pk": 17, "model": "core.object", "fields": {"last_updated": "2011-02-22 23:22:48", "links": [], "creator": null, "dislikes": [], "object_type": "hardtree.identities.models.ContactField", "nuvius_resource": null, "read_access": [], "object_name": "E-mail", "full_access": [1, 2], "comments": [], "subscribers": [], "date_created": "2011-02-22 23:22:48", "trash": false, "tags": [], "likes": []}}, {"pk": 18, "model": "core.object", "fields": {"last_updated": "2011-02-22 23:23:06", "links": [], "creator": null, "dislikes": [], "object_type": "hardtree.identities.models.ContactField", "nuvius_resource": null, "read_access": [], "object_name": "Phone", "full_access": [1, 2], "comments": [], "subscribers": [], "date_created": "2011-02-22 23:23:06", "trash": false, "tags": [], "likes": []}}, {"pk": 19, "model": "core.object", "fields": {"last_updated": "2011-02-22 23:23:30", "links": [], "creator": null, "dislikes": [], "object_type": "hardtree.identities.models.ContactField", "nuvius_resource": null, "read_access": [], "object_name": "Website", "full_access": [1, 2], "comments": [], "subscribers": [], "date_created": "2011-02-22 23:23:30", "trash": false, "tags": [], "likes": []}}, {"pk": 20, "model": "core.object", "fields": {"last_updated": "2011-02-22 23:23:54", "links": [], "creator": null, "dislikes": [], "object_type": "hardtree.identities.models.ContactField", "nuvius_resource": null, "read_access": [], "object_name": "Picture", "full_access": [1, 2], "comments": [], "subscribers": [], "date_created": "2011-02-22 23:23:54", "trash": false, "tags": [], "likes": []}}, {"pk": 21, "model": "core.object", "fields": {"last_updated": "2011-02-22 23:24:32", "links": [], "creator": null, "dislikes": [], "object_type": "hardtree.identities.models.ContactType", "nuvius_resource": null, "read_access": [], "object_name": "Company", "full_access": [1, 2], "comments": [], "subscribers": [1], "date_created": "2011-02-22 23:24:32", "trash": false, "tags": [], "likes": []}}, {"pk": 22, "model": "core.object", "fields": {"last_updated": "2011-02-22 23:24:53", "links": [], "creator": null, "dislikes": [], "object_type": "hardtree.identities.models.ContactType", "nuvius_resource": null, "read_access": [], "object_name": "Department", "full_access": [1, 2], "comments": [], "subscribers": [1], "date_created": "2011-02-22 23:24:53", "trash": false, "tags": [], "likes": []}}, {"pk": 23, "model": "core.object", "fields": {"last_updated": "2011-02-22 23:25:03", "links": [], "creator": null, "dislikes": [], "object_type": "hardtree.identities.models.ContactType", "nuvius_resource": null, "read_access": [], "object_name": "Person", "full_access": [1, 2], "comments": [], "subscribers": [1], "date_created": "2011-02-22 23:25:03", "trash": false, "tags": [], "likes": []}}, {"pk": 24, "model": "core.object", "fields": {"last_updated": "2011-02-22 23:25:53", "links": [], "creator": 1, "dislikes": [], "object_type": "hardtree.identities.models.Contact", "nuvius_resource": null, "read_access": [], "object_name": "Company", "full_access": [1, 2], "comments": [], "subscribers": [1], "date_created": "2011-02-22 23:25:53", "trash": false, "tags": [], "likes": []}}, {"pk": 25, "model": "core.object", "fields": {"last_updated": "2011-02-23 00:25:31", "links": [], "creator": 1, "dislikes": [], "object_type": "hardtree.identities.models.Contact", "nuvius_resource": null, "read_access": [], "object_name": "Admin", "full_access": [1, 2], "comments": [], "subscribers": [1], "date_created": "2011-02-22 23:26:31", "trash": false, "tags": [], "likes": []}}, {"pk": 26, "model": "core.object", "fields": {"last_updated": "2011-02-22 23:29:56", "links": [], "creator": null, "dislikes": [], "object_type": "hardtree.projects.models.TaskStatus", "nuvius_resource": null, "read_access": [], "object_name": "Open", "full_access": [1, 2], "comments": [], "subscribers": [1], "date_created": "2011-02-22 23:29:56", "trash": false, "tags": [], "likes": []}}, {"pk": 27, "model": "core.object", "fields": {"last_updated": "2011-02-22 23:30:10", "links": [], "creator": null, "dislikes": [], "object_type": "hardtree.projects.models.TaskStatus", "nuvius_resource": null, "read_access": [], "object_name": "Awaits Spec", "full_access": [1, 2], "comments": [], "subscribers": [1], "date_created": "2011-02-22 23:30:10", "trash": false, "tags": [], "likes": []}}, {"pk": 28, "model": "core.object", "fields": {"last_updated": "2011-02-22 23:30:23", "links": [], "creator": null, "dislikes": [], "object_type": "hardtree.projects.models.TaskStatus", "nuvius_resource": null, "read_access": [], "object_name": "Failed", "full_access": [1, 2], "comments": [], "subscribers": [1], "date_created": "2011-02-22 23:30:23", "trash": false, "tags": [], "likes": []}}, {"pk": 29, "model": "core.object", "fields": {"last_updated": "2011-02-22 23:30:34", "links": [], "creator": null, "dislikes": [], "object_type": "hardtree.projects.models.TaskStatus", "nuvius_resource": null, "read_access": [], "object_name": "Complete", "full_access": [1, 2], "comments": [], "subscribers": [1], "date_created": "2011-02-22 23:30:34", "trash": false, "tags": [], "likes": []}}, {"pk": 30, "model": "core.object", "fields": {"last_updated": "2011-02-22 23:31:19", "links": [], "creator": null, "dislikes": [], "object_type": "hardtree.services.models.TicketStatus", "nuvius_resource": null, "read_access": [], "object_name": "Open", "full_access": [1, 2], "comments": [], "subscribers": [], "date_created": "2011-02-22 23:31:19", "trash": false, "tags": [], "likes": []}}, {"pk": 31, "model": "core.object", "fields": {"last_updated": "2011-02-22 23:31:33", "links": [], "creator": null, "dislikes": [], "object_type": "hardtree.services.models.TicketStatus", "nuvius_resource": null, "read_access": [], "object_name": "Pending Caller", "full_access": [1, 2], "comments": [], "subscribers": [], "date_created": "2011-02-22 23:31:33", "trash": false, "tags": [], "likes": []}}, {"pk": 32, "model": "core.object", "fields": {"last_updated": "2011-02-22 23:31:49", "links": [], "creator": null, "dislikes": [], "object_type": "hardtree.services.models.TicketStatus", "nuvius_resource": null, "read_access": [], "object_name": "Pending Supplier", "full_access": [1, 2], "comments": [], "subscribers": [], "date_created": "2011-02-22 23:31:49", "trash": false, "tags": [], "likes": []}}, {"pk": 33, "model": "core.object", "fields": {"last_updated": "2011-02-22 23:32:02", "links": [], "creator": null, "dislikes": [], "object_type": "hardtree.services.models.TicketStatus", "nuvius_resource": null, "read_access": [], "object_name": "Won't Fix", "full_access": [1, 2], "comments": [], "subscribers": [], "date_created": "2011-02-22 23:32:02", "trash": false, "tags": [], "likes": []}}, {"pk": 34, "model": "core.object", "fields": {"last_updated": "2011-02-22 23:32:19", "links": [], "creator": null, "dislikes": [], "object_type": "hardtree.services.models.TicketStatus", "nuvius_resource": null, "read_access": [], "object_name": "Closed", "full_access": [1, 2], "comments": [], "subscribers": [], "date_created": "2011-02-22 23:32:19", "trash": false, "tags": [], "likes": []}}, {"pk": 35, "model": "core.object", "fields": {"last_updated": "2011-02-22 23:32:40", "links": [], "creator": null, "dislikes": [], "object_type": "hardtree.services.models.ServiceAgent", "nuvius_resource": null, "read_access": [], "object_name": "admin", "full_access": [1, 2], "comments": [], "subscribers": [1], "date_created": "2011-02-22 23:32:40", "trash": false, "tags": [], "likes": []}}, {"pk": 36, "model": "core.object", "fields": {"last_updated": "2011-02-22 23:33:18", "links": [], "creator": null, "dislikes": [], "object_type": "hardtree.documents.models.Folder", "nuvius_resource": null, "read_access": [], "object_name": "Default", "full_access": [1, 2], "comments": [], "subscribers": [1], "date_created": "2011-02-22 23:33:18", "trash": false, "tags": [], "likes": []}}, {"pk": 37, "model": "core.object", "fields": {"last_updated": "2011-02-22 23:40:34", "links": [], "creator": null, "dislikes": [], "object_type": "hardtree.finance.models.Currency", "nuvius_resource": null, "read_access": [], "object_name": "$    United States of America, Dollars", "full_access": [1, 2], "comments": [], "subscribers": [1], "date_created": "2011-02-22 23:33:59", "trash": false, "tags": [], "likes": []}}, {"pk": 38, "model": "core.object", "fields": {"last_updated": "2011-02-22 23:39:50", "links": [], "creator": null, "dislikes": [], "object_type": "hardtree.finance.models.Account", "nuvius_resource": null, "read_access": [], "object_name": "Default", "full_access": [1, 2], "comments": [], "subscribers": [1], "date_created": "2011-02-22 23:34:23", "trash": false, "tags": [], "likes": []}}, {"pk": 39, "model": "core.object", "fields": {"last_updated": "2011-02-22 23:40:46", "links": [], "creator": null, "dislikes": [], "object_type": "hardtree.messaging.models.MessageStream", "nuvius_resource": null, "read_access": [], "object_name": "General", "full_access": [1, 2], "comments": [], "subscribers": [1], "date_created": "2011-02-22 23:40:46", "trash": false, "tags": [], "likes": []}}, {"pk": 40, "model": "core.object", "fields": {"last_updated": "2011-02-22 23:54:36", "links": [], "creator": null, "dislikes": [], "object_type": "hardtree.services.models.TicketQueue", "nuvius_resource": null, "read_access": [], "object_name": "ServiceDesk", "full_access": [1, 2], "comments": [], "subscribers": [1], "date_created": "2011-02-22 23:54:36", "trash": false, "tags": [], "likes": []}}, {"pk": 41, "model": "core.object", "fields": {"last_updated": "2011-02-23 00:45:39", "links": [], "creator": null, "dislikes": [], "object_type": "hardtree.sales.models.SaleSource", "nuvius_resource": null, "read_access": [], "object_name": "Advertisement", "full_access": [1, 2], "comments": [], "subscribers": [], "date_created": "2011-02-23 00:40:10", "trash": false, "tags": [], "likes": []}}, {"pk": 43, "model": "core.object", "fields": {"last_updated": "2011-02-23 00:41:14", "links": [], "creator": null, "dislikes": [], "object_type": "hardtree.sales.models.SaleSource", "nuvius_resource": null, "read_access": [], "object_name": "Colleague", "full_access": [1, 2], "comments": [], "subscribers": [], "date_created": "2011-02-23 00:41:14", "trash": false, "tags": [], "likes": []}}, {"pk": 44, "model": "core.object", "fields": {"last_updated": "2011-02-23 00:41:35", "links": [], "creator": null, "dislikes": [], "object_type": "hardtree.sales.models.SaleSource", "nuvius_resource": null, "read_access": [], "object_name": "Friend", "full_access": [1, 2], "comments": [], "subscribers": [], "date_created": "2011-02-23 00:41:35", "trash": false, "tags": [], "likes": []}}, {"pk": 45, "model": "core.object", "fields": {"last_updated": "2011-02-23 00:41:46", "links": [], "creator": null, "dislikes": [], "object_type": "hardtree.sales.models.SaleSource", "nuvius_resource": null, "read_access": [], "object_name": "Search Engine", "full_access": [1, 2], "comments": [], "subscribers": [], "date_created": "2011-02-23 00:41:46", "trash": false, "tags": [], "likes": []}}, {"pk": 46, "model": "core.object", "fields": {"last_updated": "2011-02-23 00:45:54", "links": [], "creator": null, "dislikes": [], "object_type": "hardtree.sales.models.SaleSource", "nuvius_resource": null, "read_access": [], "object_name": "Other", "full_access": [1, 2], "comments": [], "subscribers": [], "date_created": "2011-02-23 00:41:57", "trash": false, "tags": [], "likes": []}}, {"pk": 47, "model": "core.object", "fields": {"last_updated": "2011-02-23 00:46:54", "links": [], "creator": null, "dislikes": [], "object_type": "hardtree.sales.models.SaleStatus", "nuvius_resource": null, "read_access": [], "object_name": "Open", "full_access": [1, 2], "comments": [], "subscribers": [], "date_created": "2011-02-23 00:42:44", "trash": false, "tags": [], "likes": []}}, {"pk": 48, "model": "core.object", "fields": {"last_updated": "2011-02-23 00:47:07", "links": [], "creator": null, "dislikes": [], "object_type": "hardtree.sales.models.SaleStatus", "nuvius_resource": null, "read_access": [], "object_name": "Paused", "full_access": [1, 2], "comments": [], "subscribers": [], "date_created": "2011-02-23 00:43:20", "trash": false, "tags": [], "likes": []}}, {"pk": 49, "model": "core.object", "fields": {"last_updated": "2011-02-23 00:49:06", "links": [], "creator": null, "dislikes": [], "object_type": "hardtree.sales.models.SaleStatus", "nuvius_resource": null, "read_access": [], "object_name": "Closed", "full_access": [1, 2], "comments": [], "subscribers": [], "date_created": "2011-02-23 00:43:38", "trash": false, "tags": [], "likes": []}}, {"pk": 50, "model": "core.object", "fields": {"last_updated": "2011-02-23 00:47:24", "links": [], "creator": null, "dislikes": [], "object_type": "hardtree.sales.models.SaleStatus", "nuvius_resource": null, "read_access": [], "object_name": "Failed", "full_access": [1, 2], "comments": [], "subscribers": [], "date_created": "2011-02-23 00:43:59", "trash": false, "tags": [], "likes": []}}, {"pk": 51, "model": "core.object", "fields": {"last_updated": "2011-08-19 23:28:29", "links": [], "creator": null, "dislikes": [], "object_type": "hardtree.infrastructure.models.ItemStatus", "nuvius_resource": null, "read_access": [], "object_name": "Active", "full_access": [], "comments": [], "subscribers": [1], "date_created": "2011-08-19 23:28:29", "trash": false, "tags": [], "likes": []}}, {"pk": 52, "model": "core.object", "fields": {"last_updated": "2011-08-19 23:28:53", "links": [], "creator": null, "dislikes": [], "object_type": "hardtree.infrastructure.models.ItemStatus", "nuvius_resource": null, "read_access": [], "object_name": "Unused", "full_access": [], "comments": [], "subscribers": [1], "date_created": "2011-08-19 23:28:53", "trash": false, "tags": [], "likes": []}}, {"pk": 53, "model": "core.object", "fields": {"last_updated": "2011-08-19 23:29:19", "links": [], "creator": null, "dislikes": [], "object_type": "hardtree.infrastructure.models.ItemStatus", "nuvius_resource": null, "read_access": [], "object_name": "Removed", "full_access": [], "comments": [], "subscribers": [1], "date_created": "2011-08-19 23:29:19", "trash": false, "tags": [], "likes": []}}, {"pk": 54, "model": "core.object", "fields": {"last_updated": "2011-08-19 23:29:50", "links": [], "creator": null, "dislikes": [], "object_type": "hardtree.infrastructure.models.ItemField", "nuvius_resource": null, "read_access": [], "object_name": "IP Address", "full_access": [], "comments": [], "subscribers": [], "date_created": "2011-08-19 23:29:50", "trash": false, "tags": [], "likes": []}}, {"pk": 55, "model": "core.object", "fields": {"last_updated": "2011-08-19 23:30:09", "links": [], "creator": null, "dislikes": [], "object_type": "hardtree.infrastructure.models.ItemField", "nuvius_resource": null, "read_access": [], "object_name": "Hostname", "full_access": [], "comments": [], "subscribers": [], "date_created": "2011-08-19 23:30:09", "trash": false, "tags": [], "likes": []}}, {"pk": 56, "model": "core.object", "fields": {"last_updated": "2011-08-19 23:33:47", "links": [], "creator": null, "dislikes": [], "object_type": "hardtree.infrastructure.models.ItemType", "nuvius_resource": null, "read_access": [], "object_name": "Workstation", "full_access": [], "comments": [], "subscribers": [1], "date_created": "2011-08-19 23:30:55", "trash": false, "tags": [], "likes": []}}, {"pk": 57, "model": "core.object", "fields": {"last_updated": "2011-08-19 23:32:12", "links": [], "creator": null, "dislikes": [], "object_type": "hardtree.infrastructure.models.ItemField", "nuvius_resource": null, "read_access": [], "object_name": "Operating System", "full_access": [], "comments": [], "subscribers": [], "date_created": "2011-08-19 23:32:12", "trash": false, "tags": [], "likes": []}}, {"pk": 58, "model": "core.object", "fields": {"last_updated": "2011-08-19 23:33:06", "links": [], "creator": null, "dislikes": [], "object_type": "hardtree.infrastructure.models.ItemField", "nuvius_resource": null, "read_access": [], "object_name": "Date Installed", "full_access": [], "comments": [], "subscribers": [], "date_created": "2011-08-19 23:33:06", "trash": false, "tags": [], "likes": []}}, {"pk": 59, "model": "core.object", "fields": {"last_updated": "2011-08-19 23:34:32", "links": [], "creator": null, "dislikes": [], "object_type": "hardtree.infrastructure.models.ItemType", "nuvius_resource": null, "read_access": [], "object_name": "Server", "full_access": [], "comments": [], "subscribers": [1], "date_created": "2011-08-19 23:34:32", "trash": false, "tags": [], "likes": []}}, {"pk": 60, "model": "core.object", "fields": {"last_updated": "2011-08-19 23:36:38", "links": [], "creator": null, "dislikes": [], "object_type": "hardtree.knowledge.models.KnowledgeFolder", "nuvius_resource": null, "read_access": [], "object_name": "Default", "full_access": [], "comments": [], "subscribers": [1], "date_created": "2011-08-19 23:36:38", "trash": false, "tags": [], "likes": []}}, {"pk": 75, "model": "core.object", "fields": {"last_updated": "2013-07-13 17:36:16", "links": [], "creator": 1, "dislikes": [], "object_type": "treeio.core.models.Module", "nuvius_resource": null, "read_access": [], "object_name": "Documents", "full_access": [], "comments": [], "subscribers": [], "date_created": "2013-07-13 17:36:16", "trash": false, "tags": [], "likes": []}}, {"pk": 76, "model": "core.object", "fields": {"last_updated": "2013-07-13 17:36:16", "links": [], "creator": 1, "dislikes": [], "object_type": "treeio.core.models.Module", "nuvius_resource": null, "read_access": [], "object_name": "News", "full_access": [], "comments": [], "subscribers": [], "date_created": "2013-07-13 17:36:16", "trash": false, "tags": [], "likes": []}}, {"pk": 77, "model": "core.object", "fields": {"last_updated": "2013-07-13 17:36:16", "links": [], "creator": 1, "dislikes": [], "object_type": "treeio.core.models.Module", "nuvius_resource": null, "read_access": [], "object_name": "Messaging", "full_access": [], "comments": [], "subscribers": [], "date_created": "2013-07-13 17:36:16", "trash": false, "tags": [], "likes": []}}, {"pk": 78, "model": "core.object", "fields": {"last_updated": "2013-07-13 17:36:16", "links": [], "creator": 1, "dislikes": [], "object_type": "treeio.core.models.Module", "nuvius_resource": null, "read_access": [], "object_name": "Calendar", "full_access": [], "comments": [], "subscribers": [], "date_created": "2013-07-13 17:36:16", "trash": false, "tags": [], "likes": []}}, {"pk": 79, "model": "core.object", "fields": {"last_updated": "2013-07-13 17:36:16", "links": [], "creator": 1, "dislikes": [], "object_type": "treeio.core.models.Module", "nuvius_resource": null, "read_access": [], "object_name": "Account", "full_access": [], "comments": [], "subscribers": [], "date_created": "2013-07-13 17:36:16", "trash": false, "tags": [], "likes": []}}, {"pk": 80, "model": "core.object", "fields": {"last_updated": "2013-07-13 17:36:16", "links": [], "creator": 1, "dislikes": [], "object_type": "treeio.core.models.Module", "nuvius_resource": null, "read_access": [], "object_name": "Reports", "full_access": [], "comments": [], "subscribers": [], "date_created": "2013-07-13 17:36:16", "trash": false, "tags": [], "likes": []}}, {"pk": 81, "model": "core.object", "fields": {"last_updated": "2013-07-13 17:36:16", "links": [], "creator": 1, "dislikes": [], "object_type": "treeio.core.models.Module", "nuvius_resource": null, "read_access": [], "object_name": "Contacts", "full_access": [], "comments": [], "subscribers": [], "date_created": "2013-07-13 17:36:16", "trash": false, "tags": [], "likes": []}}, {"pk": 82, "model": "core.object", "fields": {"last_updated": "2013-07-13 17:36:16", "links": [], "creator": 1, "dislikes": [], "object_type": "treeio.core.models.Module", "nuvius_resource": null, "read_access": [], "object_name": "Knowledge", "full_access": [], "comments": [], "subscribers": [], "date_created": "2013-07-13 17:36:16", "trash": false, "tags": [], "likes": []}}, {"pk": 83, "model": "core.object", "fields": {"last_updated": "2013-07-13 17:36:16", "links": [], "creator": 1, "dislikes": [], "object_type": "treeio.core.models.Module", "nuvius_resource": null, "read_access": [], "object_name": "Administration", "full_access": [], "comments": [], "subscribers": [], "date_created": "2013-07-13 17:36:16", "trash": false, "tags": [], "likes": []}}, {"pk": 84, "model": "core.object", "fields": {"last_updated": "2013-07-13 17:36:16", "links": [], "creator": 1, "dislikes": [], "object_type": "treeio.core.models.Module", "nuvius_resource": null, "read_access": [], "object_name": "Sales & Stock", "full_access": [], "comments": [], "subscribers": [], "date_created": "2013-07-13 17:36:16", "trash": false, "tags": [], "likes": []}}, {"pk": 85, "model": "core.object", "fields": {"last_updated": "2013-07-13 17:36:16", "links": [], "creator": 1, "dislikes": [], "object_type": "treeio.core.models.Module", "nuvius_resource": null, "read_access": [], "object_name": "Projects", "full_access": [], "comments": [], "subscribers": [], "date_created": "2013-07-13 17:36:16", "trash": false, "tags": [], "likes": []}}, {"pk": 86, "model": "core.object", "fields": {"last_updated": "2013-07-13 17:36:16", "links": [], "creator": 1, "dislikes": [], "object_type": "treeio.core.models.Module", "nuvius_resource": null, "read_access": [], "object_name": "Infrastructure", "full_access": [], "comments": [], "subscribers": [], "date_created": "2013-07-13 17:36:16", "trash": false, "tags": [], "likes": []}}, {"pk": 87, "model": "core.object", "fields": {"last_updated": "2013-07-13 17:36:16", "links": [], "creator": 1, "dislikes": [], "object_type": "treeio.core.models.Module", "nuvius_resource": null, "read_access": [], "object_name": "Service Support", "full_access": [], "comments": [], "subscribers": [], "date_created": "2013-07-13 17:36:16", "trash": false, "tags": [], "likes": []}}, {"pk": 88, "model": "core.object", "fields": {"last_updated": "2013-07-13 17:36:17", "links": [], "creator": 1, "dislikes": [], "object_type": "treeio.core.models.Module", "nuvius_resource": null, "read_access": [], "object_name": "Finance", "full_access": [], "comments": [], "subscribers": [], "date_created": "2013-07-13 17:36:17", "trash": false, "tags": [], "likes": []}}, {"pk": 79, "model": "core.module", "fields": {"name": "treeio.account", "links": [], "tags": [], "url": "/account/", "title": "Account", "dislikes": [], "system": true, "read_access": [], "full_access": [], "likes": [], "subscribers": [], "comments": [], "display": true, "details": "User Account"}}, {"pk": 83, "model": "core.module", "fields": {"name": "treeio.core", "links": [], "tags": [], "url": "/admin/", "title": "Administration", "dislikes": [], "system": true, "read_access": [], "full_access": [], "likes": [], "subscribers": [], "comments": [], "display": true, "details": "Core Administration"}}, {"pk": 75, "model": "core.module", "fields": {"name": "treeio.documents", "links": [], "tags": [], "url": "/documents/", "title": "Documents", "dislikes": [], "system": false, "read_access": [], "full_access": [], "likes": [], "subscribers": [], "comments": [], "display": true, "details": "Manage documents"}}, {"pk": 78, "model": "core.module", "fields": {"name": "treeio.events", "links": [], "tags": [], "url": "/calendar/", "title": "Calendar", "dislikes": [], "system": true, "read_access": [], "full_access": [], "likes": [], "subscribers": [], "comments": [], "display": true, "details": "Manage events and calendars"}}, {"pk": 88, "model": "core.module", "fields": {"name": "treeio.finance", "links": [], "tags": [], "url": "/finance/", "title": "Finance", "dislikes": [], "system": false, "read_access": [], "full_access": [], "likes": [], "subscribers": [], "comments": [], "display": true, "details": "Manage finance"}}, {"pk": 81, "model": "core.module", "fields": {"name": "treeio.identities", "links": [], "tags": [], "url": "/contacts/", "title": "Contacts", "dislikes": [], "system": true, "read_access": [], "full_access": [], "likes": [], "subscribers": [], "comments": [], "display": true, "details": "Manage users, groups, companies and corresponding contacts"}}, {"pk": 86, "model": "core.module", "fields": {"name": "treeio.infrastructure", "links": [], "tags": [], "url": "/infrastructure/", "title": "Infrastructure", "dislikes": [], "system": false, "read_access": [], "full_access": [], "likes": [], "subscribers": [], "comments": [], "display": true, "details": "Manage infrastructure (fixed assets)"}}, {"pk": 82, "model": "core.module", "fields": {"name": "treeio.knowledge", "links": [], "tags": [], "url": "/knowledge/", "title": "Knowledge", "dislikes": [], "system": false, "read_access": [], "full_access": [], "likes": [], "subscribers": [], "comments": [], "display": true, "details": "Manage your knowledge"}}, {"pk": 77, "model": "core.module", "fields": {"name": "treeio.messaging", "links": [], "tags": [], "url": "/messaging/", "title": "Messaging", "dislikes": [], "system": false, "read_access": [], "full_access": [], "likes": [], "subscribers": [], "comments": [], "display": true, "details": "Sending messages"}}, {"pk": 76, "model": "core.module", "fields": {"name": "treeio.news", "links": [], "tags": [], "url": "/news/", "title": "News", "dislikes": [], "system": false, "read_access": [], "full_access": [], "likes": [], "subscribers": [], "comments": [], "display": true, "details": "Internal and external news"}}, {"pk": 85, "model": "core.module", "fields": {"name": "treeio.projects", "links": [], "tags": [], "url": "/projects/", "title": "Projects", "dislikes": [], "system": false, "read_access": [], "full_access": [], "likes": [], "subscribers": [], "comments": [], "display": true, "details": "Manage your projects"}}, {"pk": 80, "model": "core.module", "fields": {"name": "treeio.reports", "links": [], "tags": [], "url": "/reports/", "title": "Reports", "dislikes": [], "system": false, "read_access": [], "full_access": [], "likes": [], "subscribers": [], "comments": [], "display": true, "details": "Create Reports"}}, {"pk": 84, "model": "core.module", "fields": {"name": "treeio.sales", "links": [], "tags": [], "url": "/sales/", "title": "Sales & Stock", "dislikes": [], "system": false, "read_access": [], "full_access": [], "likes": [], "subscribers": [], "comments": [], "display": true, "details": "Sales and Client Relationship Management"}}, {"pk": 87, "model": "core.module", "fields": {"name": "treeio.services", "links": [], "tags": [], "url": "/services/", "title": "Service Support", "dislikes": [], "system": false, "read_access": [], "full_access": [], "likes": [], "subscribers": [], "comments": [], "display": true, "details": "Service delivery and support management"}}, {"pk": 15, "model": "core.perspective", "fields": {"name": "Default", "links": [], "tags": [], "modules": [], "comments": [], "dislikes": [], "read_access": [], "full_access": [1, 2], "likes": [], "subscribers": [1], "details": ""}}, {"pk": 1, "model": "core.modulesetting", "fields": {"value": "15", "group": 2, "name": "default_perspective", "module": 83, "label": "default_perspective", "perspective": null, "user": null}}, {"pk": 36, "model": "documents.folder", "fields": {"parent": null, "name": "Default", "links": [], "tags": [], "dislikes": [], "read_access": [], "full_access": [1, 2], "comments": [], "subscribers": [1], "likes": []}}, {"pk": 37, "model": "finance.currency", "fields": {"code": "USD", "name": "United States of America, Dollars", "links": [], "tags": [], "is_active": true, "symbol": "$", "dislikes": [], "read_access": [], "is_default": true, "full_access": [1, 2], "comments": [], "subscribers": [1], "factor": 1, "likes": []}}, {"pk": 38, "model": "finance.account", "fields": {"balance_currency": 37, "name": "Default", "links": [], "tags": [], "balance_display": 0, "comments": [], "dislikes": [], "read_access": [], "full_access": [1, 2], "likes": [], "subscribers": [1], "owner": 24, "balance": 0, "details": ""}}, {"pk": 16, "model": "identities.contactfield", "fields": {"field_type": "details", "name": "address", "links": [], "tags": [], "required": false, "dislikes": [], "read_access": [], "allowed_values": null, "full_access": [1, 2], "likes": [], "subscribers": [], "comments": [], "label": "Address", "details": ""}}, {"pk": 17, "model": "identities.contactfield", "fields": {"field_type": "email", "name": "email", "links": [], "tags": [], "required": false, "dislikes": [], "read_access": [], "allowed_values": null, "full_access": [1, 2], "likes": [], "subscribers": [], "comments": [], "label": "E-mail", "details": ""}}, {"pk": 18, "model": "identities.contactfield", "fields": {"field_type": "phone", "name": "phone", "links": [], "tags": [], "required": false, "dislikes": [], "read_access": [], "allowed_values": null, "full_access": [1, 2], "likes": [], "subscribers": [], "comments": [], "label": "Phone", "details": ""}}, {"pk": 20, "model": "identities.contactfield", "fields": {"field_type": "picture", "name": "picture", "links": [], "tags": [], "required": false, "dislikes": [], "read_access": [], "allowed_values": null, "full_access": [1, 2], "likes": [], "subscribers": [], "comments": [], "label": "Picture", "details": ""}}, {"pk": 19, "model": "identities.contactfield", "fields": {"field_type": "url", "name": "url", "links": [], "tags": [], "required": false, "dislikes": [], "read_access": [], "allowed_values": null, "full_access": [1, 2], "likes": [], "subscribers": [], "comments": [], "label": "Website", "details": ""}}, {"pk": 21, "model": "identities.contacttype", "fields": {"name": "Company", "links": [], "tags": [], "fields": [16, 17, 18, 20, 19], "comments": [], "dislikes": [], "read_access": [], "full_access": [1, 2], "likes": [], "subscribers": [1], "slug": "company", "details": ""}}, {"pk": 22, "model": "identities.contacttype", "fields": {"name": "Department", "links": [], "tags": [], "fields": [16, 17, 18, 19], "comments": [], "dislikes": [], "read_access": [], "full_access": [1, 2], "likes": [], "subscribers": [1], "slug": "department", "details": ""}}, {"pk": 23, "model": "identities.contacttype", "fields": {"name": "Person", "links": [], "tags": [], "fields": [16, 17, 18, 20, 19], "comments": [], "dislikes": [], "read_access": [], "full_access": [1, 2], "likes": [], "subscribers": [1], "slug": "person", "details": ""}}, {"pk": 25, "model": "identities.contact", "fields": {"parent": null, "name": "Admin", "links": [], "tags": [], "contact_type": 23, "dislikes": [], "read_access": [], "full_access": [1, 2], "comments": [], "subscribers": [1], "related_user": 1, "likes": []}}, {"pk": 24, "model": "identities.contact", "fields": {"parent": null, "name": "Company", "links": [], "tags": [], "contact_type": 21, "dislikes": [], "read_access": [], "full_access": [1, 2], "comments": [], "subscribers": [1], "related_user": null, "likes": []}}, {"pk": 1, "model": "identities.contactvalue", "fields": {"field": 16, "contact": 24, "value": ""}}, {"pk": 2, "model": "identities.contactvalue", "fields": {"field": 17, "contact": 24, "value": ""}}, {"pk": 3, "model": "identities.contactvalue", "fields": {"field": 18, "contact": 24, "value": ""}}, {"pk": 4, "model": "identities.contactvalue", "fields": {"field": 20, "contact": 24, "value": ""}}, {"pk": 5, "model": "identities.contactvalue", "fields": {"field": 19, "contact": 24, "value": ""}}, {"pk": 11, "model": "identities.contactvalue", "fields": {"field": 16, "contact": 25, "value": ""}}, {"pk": 12, "model": "identities.contactvalue", "fields": {"field": 17, "contact": 25, "value": ""}}, {"pk": 13, "model": "identities.contactvalue", "fields": {"field": 18, "contact": 25, "value": ""}}, {"pk": 14, "model": "identities.contactvalue", "fields": {"field": 20, "contact": 25, "value": ""}}, {"pk": 15, "model": "identities.contactvalue", "fields": {"field": 17, "contact": 25, "value": "admin@example.com"}}, {"pk": 55, "model": "infrastructure.itemfield", "fields": {"field_type": "text", "name": "hostname", "links": [], "tags": [], "required": false, "dislikes": [], "read_access": [], "allowed_values": null, "full_access": [], "likes": [], "subscribers": [], "comments": [], "label": "Hostname", "details": ""}}, {"pk": 54, "model": "infrastructure.itemfield", "fields": {"field_type": "text", "name": "ip-address", "links": [], "tags": [], "required": false, "dislikes": [], "read_access": [], "allowed_values": null, "full_access": [], "likes": [], "subscribers": [], "comments": [], "label": "IP Address", "details": ""}}, {"pk": 57, "model": "infrastructure.itemfield", "fields": {"field_type": "text", "name": "os", "links": [], "tags": [], "required": false, "dislikes": [], "read_access": [], "allowed_values": null, "full_access": [], "likes": [], "subscribers": [], "comments": [], "label": "Operating System", "details": ""}}, {"pk": 58, "model": "infrastructure.itemfield", "fields": {"field_type": "date", "name": "setup_date", "links": [], "tags": [], "required": false, "dislikes": [], "read_access": [], "allowed_values": null, "full_access": [], "likes": [], "subscribers": [], "comments": [], "label": "Date Installed", "details": ""}}, {"pk": 59, "model": "infrastructure.itemtype", "fields": {"parent": null, "links": [], "tags": [], "fields": [55, 54, 57, 58], "comments": [], "dislikes": [], "read_access": [], "full_access": [], "likes": [], "subscribers": [1], "details": "", "name": "Server"}}, {"pk": 56, "model": "infrastructure.itemtype", "fields": {"parent": null, "links": [], "tags": [], "fields": [55, 54, 57, 58], "comments": [], "dislikes": [], "read_access": [], "full_access": [], "likes": [], "subscribers": [1], "details": "", "name": "Workstation"}}, {"pk": 51, "model": "infrastructure.itemstatus", "fields": {"name": "Active", "links": [], "tags": [], "comments": [], "dislikes": [], "read_access": [], "full_access": [], "likes": [], "subscribers": [1], "active": true, "hidden": false, "details": ""}}, {"pk": 52, "model": "infrastructure.itemstatus", "fields": {"name": "Unused", "links": [], "tags": [], "comments": [], "dislikes": [], "read_access": [], "full_access": [], "likes": [], "subscribers": [1], "active": false, "hidden": false, "details": ""}}, {"pk": 53, "model": "infrastructure.itemstatus", "fields": {"name": "Removed", "links": [], "tags": [], "comments": [], "dislikes": [], "read_access": [], "full_access": [], "likes": [], "subscribers": [1], "active": false, "hidden": true, "details": ""}}, {"pk": 60, "model": "knowledge.knowledgefolder", "fields": {"parent": null, "links": [], "tags": [], "comments": [], "dislikes": [], "read_access": [], "full_access": [], "likes": [], "subscribers": [1], "details": "", "treepath": "default/", "name": "Default"}}, {"pk": 39, "model": "messaging.messagestream", "fields": {"outgoing_server_name": "", "outgoing_server_type": null, "incoming_server_name": "", "name": "General", "links": [], "outgoing_password": "", "full_access": [1, 2], "comments": [], "dislikes": [], "read_access": [], "incoming_server_username": "", "outgoing_server_username": "", "incoming_password": "", "likes": [], "subscribers": [1], "last_checked": null, "outgoing_email": "", "faulty": false, "tags": [], "incoming_server_type": null}}, {"pk": 26, "model": "projects.taskstatus", "fields": {"name": "Open", "links": [], "tags": [], "comments": [], "dislikes": [], "read_access": [], "full_access": [1, 2], "likes": [], "subscribers": [1], "active": true, "hidden": false, "details": ""}}, {"pk": 27, "model": "projects.taskstatus", "fields": {"name": "In progress", "links": [], "tags": [], "comments": [], "dislikes": [], "read_access": [], "full_access": [1, 2], "likes": [], "subscribers": [1], "active": false, "hidden": false, "details": ""}}, {"pk": 28, "model": "projects.taskstatus", "fields": {"name": "Failed", "links": [], "tags": [], "comments": [], "dislikes": [], "read_access": [], "full_access": [1, 2], "likes": [], "subscribers": [1], "active": true, "hidden": true, "details": ""}}, {"pk": 29, "model": "projects.taskstatus", "fields": {"name": "Complete", "links": [], "tags": [], "comments": [], "dislikes": [], "read_access": [], "full_access": [1, 2], "likes": [], "subscribers": [1], "active": false, "hidden": true, "details": ""}}, {"pk": 49, "model": "sales.salestatus", "fields": {"use_sales": true, "name": "Closed", "links": [], "tags": [], "dislikes": [], "comments": [], "use_leads": true, "full_access": [1, 2], "likes": [], "subscribers": [], "active": true, "hidden": false, "read_access": [], "use_opportunities": true, "details": ""}}, {"pk": 47, "model": "sales.salestatus", "fields": {"use_sales": true, "name": "Open", "links": [], "tags": [], "dislikes": [], "comments": [], "use_leads": true, "full_access": [1, 2], "likes": [], "subscribers": [], "active": true, "hidden": false, "read_access": [], "use_opportunities": true, "details": ""}}, {"pk": 48, "model": "sales.salestatus", "fields": {"use_sales": true, "name": "Paused", "links": [], "tags": [], "dislikes": [], "comments": [], "use_leads": true, "full_access": [1, 2], "likes": [], "subscribers": [], "active": true, "hidden": false, "read_access": [], "use_opportunities": true, "details": ""}}, {"pk": 50, "model": "sales.salestatus", "fields": {"use_sales": true, "name": "Failed", "links": [], "tags": [], "dislikes": [], "comments": [], "use_leads": true, "full_access": [1, 2], "likes": [], "subscribers": [], "active": false, "hidden": false, "read_access": [], "use_opportunities": true, "details": ""}}, {"pk": 41, "model": "sales.salesource", "fields": {"name": "Advertisement", "links": [], "tags": [], "comments": [], "dislikes": [], "read_access": [], "full_access": [1, 2], "likes": [], "subscribers": [], "active": true, "details": ""}}, {"pk": 43, "model": "sales.salesource", "fields": {"name": "Colleague", "links": [], "tags": [], "comments": [], "dislikes": [], "read_access": [], "full_access": [1, 2], "likes": [], "subscribers": [], "active": true, "details": ""}}, {"pk": 44, "model": "sales.salesource", "fields": {"name": "Friend", "links": [], "tags": [], "comments": [], "dislikes": [], "read_access": [], "full_access": [1, 2], "likes": [], "subscribers": [], "active": true, "details": ""}}, {"pk": 46, "model": "sales.salesource", "fields": {"name": "Other", "links": [], "tags": [], "comments": [], "dislikes": [], "read_access": [], "full_access": [1, 2], "likes": [], "subscribers": [], "active": true, "details": ""}}, {"pk": 45, "model": "sales.salesource", "fields": {"name": "Search Engine", "links": [], "tags": [], "comments": [], "dislikes": [], "read_access": [], "full_access": [1, 2], "likes": [], "subscribers": [], "active": true, "details": ""}}, {"pk": 30, "model": "services.ticketstatus", "fields": {"name": "Open", "links": [], "tags": [], "comments": [], "dislikes": [], "read_access": [], "full_access": [1, 2], "likes": [], "subscribers": [], "active": true, "hidden": false, "details": ""}}, {"pk": 31, "model": "services.ticketstatus", "fields": {"name": "Pending Caller", "links": [], "tags": [], "comments": [], "dislikes": [], "read_access": [], "full_access": [1, 2], "likes": [], "subscribers": [], "active": false, "hidden": false, "details": ""}}, {"pk": 32, "model": "services.ticketstatus", "fields": {"name": "Pending Supplier", "links": [], "tags": [], "comments": [], "dislikes": [], "read_access": [], "full_access": [1, 2], "likes": [], "subscribers": [], "active": false, "hidden": false, "details": ""}}, {"pk": 33, "model": "services.ticketstatus", "fields": {"name": "Won't Fix", "links": [], "tags": [], "comments": [], "dislikes": [], "read_access": [], "full_access": [1, 2], "likes": [], "subscribers": [], "active": true, "hidden": true, "details": ""}}, {"pk": 34, "model": "services.ticketstatus", "fields": {"name": "Closed", "links": [], "tags": [], "comments": [], "dislikes": [], "read_access": [], "full_access": [1, 2], "likes": [], "subscribers": [], "active": false, "hidden": true, "details": ""}}, {"pk": 35, "model": "services.serviceagent", "fields": {"available_from": null, "links": [], "tags": [], "available_to": null, "dislikes": [], "read_access": [], "full_access": [1, 2], "comments": [], "subscribers": [1], "active": true, "related_user": 1, "occupied": false, "likes": []}}, {"pk": 40, "model": "services.ticketqueue", "fields": {"default_ticket_priority": 3, "name": "ServiceDesk", "parent": null, "tags": [], "waiting_time": null, "dislikes": [], "links": [], "comments": [], "default_service": null, "ticket_code": "", "likes": [], "subscribers": [1], "active": true, "details": "", "read_access": [], "message_stream": null, "full_access": [1, 2], "default_ticket_status": 30, "next_queue": null}}, {"pk": 1, "model": "south.migrationhistory", "fields": {"applied": "2013-07-13 12:10:38", "app_name": "account", "migration": "0001_initial"}}, {"pk": 2, "model": "south.migrationhistory", "fields": {"applied": "2013-07-13 12:10:38", "app_name": "account", "migration": "0002_auto__add_notification__add_notificationsetting"}}, {"pk": 3, "model": "south.migrationhistory", "fields": {"applied": "2013-07-13 12:10:38", "app_name": "core", "migration": "0001_initial"}}, {"pk": 4, "model": "south.migrationhistory", "fields": {"applied": "2013-07-13 12:10:38", "app_name": "core", "migration": "0002_auto__del_notification__add_comment__add_tag__add_revisionfield__add_r"}}, {"pk": 5, "model": "south.migrationhistory", "fields": {"applied": "2013-07-13 12:10:38", "app_name": "core", "migration": "0003_treeiocore"}}, {"pk": 6, "model": "south.migrationhistory", "fields": {"applied": "2013-07-13 12:10:38", "app_name": "core", "migration": "0004_auto__del_field_object_user"}}, {"pk": 7, "model": "south.migrationhistory", "fields": {"applied": "2013-07-13 12:10:38", "app_name": "core", "migration": "0005_auto__del_field_group_id__chg_field_group_accessentity_ptr__del_field_"}}, {"pk": 8, "model": "south.migrationhistory", "fields": {"applied": "2013-07-13 12:10:38", "app_name": "core", "migration": "0006_auto__add_configsetting"}}, {"pk": 9, "model": "south.migrationhistory", "fields": {"applied": "2013-07-13 12:10:38", "app_name": "core", "migration": "0007_auto__add_attachment"}}, {"pk": 10, "model": "south.migrationhistory", "fields": {"applied": "2013-07-13 12:10:38", "app_name": "core", "migration": "0008_auto__add_field_attachment_filename"}}, {"pk": 11, "model": "south.migrationhistory", "fields": {"applied": "2013-07-13 12:10:38", "app_name": "api", "migration": "0001_initial"}}, {"pk": 12, "model": "south.migrationhistory", "fields": {"applied": "2013-07-13 12:10:38", "app_name": "api", "migration": "0002_auto__add_field_consumer_owner"}}, {"pk": 13, "model": "south.migrationhistory", "fields": {"applied": "2013-07-13 12:10:38", "app_name": "documents", "migration": "0001_initial"}}, {"pk": 14, "model": "south.migrationhistory", "fields": {"applied": "2013-07-13 12:10:38", "app_name": "events", "migration": "0001_initial"}}, {"pk": 15, "model": "south.migrationhistory", "fields": {"applied": "2013-07-13 12:10:38", "app_name": "finance", "migration": "0001_initial"}}, {"pk": 16, "model": "south.migrationhistory", "fields": {"applied": "2013-07-13 12:10:38", "app_name": "finance", "migration": "0002_auto__add_currency__add_tax__add_field_liability_value_currency__add_f"}}, {"pk": 17, "model": "south.migrationhistory", "fields": {"applied": "2013-07-13 12:10:38", "app_name": "finance", "migration": "0003_treeiocurrency"}}, {"pk": 18, "model": "south.migrationhistory", "fields": {"applied": "2013-07-13 12:10:38", "app_name": "identities", "migration": "0001_initial"}}, {"pk": 19, "model": "south.migrationhistory", "fields": {"applied": "2013-07-13 12:10:38", "app_name": "identities", "migration": "0002_auto__chg_field_contact_related_user"}}, {"pk": 20, "model": "south.migrationhistory", "fields": {"applied": "2013-07-13 12:10:38", "app_name": "identities", "migration": "0003_related_accessentity"}}, {"pk": 21, "model": "south.migrationhistory", "fields": {"applied": "2013-07-13 12:10:38", "app_name": "identities", "migration": "0004_auto__del_field_contact_related_group"}}, {"pk": 22, "model": "south.migrationhistory", "fields": {"applied": "2013-07-13 12:10:38", "app_name": "infrastructure", "migration": "0001_initial"}}, {"pk": 23, "model": "south.migrationhistory", "fields": {"applied": "2013-07-13 12:10:38", "app_name": "knowledge", "migration": "0001_initial"}}, {"pk": 24, "model": "south.migrationhistory", "fields": {"applied": "2013-07-13 12:10:38", "app_name": "messaging", "migration": "0001_initial"}}, {"pk": 25, "model": "south.migrationhistory", "fields": {"applied": "2013-07-13 12:10:38", "app_name": "messaging", "migration": "0002_auto__add_mailinglist__add_template__add_field_message_mlist__chg_fiel"}}, {"pk": 26, "model": "south.migrationhistory", "fields": {"applied": "2013-07-13 12:10:38", "app_name": "messaging", "migration": "0003_merge_emailbox_stream"}}, {"pk": 27, "model": "south.migrationhistory", "fields": {"applied": "2013-07-13 12:10:38", "app_name": "messaging", "migration": "0004_auto__del_emailbox__del_field_messagestream_email_outgoing__del_field_"}}, {"pk": 28, "model": "south.migrationhistory", "fields": {"applied": "2013-07-13 12:10:38", "app_name": "news", "migration": "0001_initial"}}, {"pk": 29, "model": "south.migrationhistory", "fields": {"applied": "2013-07-13 12:10:38", "app_name": "projects", "migration": "0001_initial"}}, {"pk": 30, "model": "south.migrationhistory", "fields": {"applied": "2013-07-13 12:10:38", "app_name": "projects", "migration": "0002_updaterecords"}}, {"pk": 31, "model": "south.migrationhistory", "fields": {"applied": "2013-07-13 12:10:38", "app_name": "projects", "migration": "0003_auto__add_field_tasktimeslot_user"}}, {"pk": 32, "model": "south.migrationhistory", "fields": {"applied": "2013-07-13 12:10:38", "app_name": "projects", "migration": "0004_timeslots"}}, {"pk": 33, "model": "south.migrationhistory", "fields": {"applied": "2013-07-13 12:10:38", "app_name": "projects", "migration": "0005_auto__del_taskrecord"}}, {"pk": 34, "model": "south.migrationhistory", "fields": {"applied": "2013-07-13 12:10:38", "app_name": "projects", "migration": "0006_auto__add_field_task_depends"}}, {"pk": 35, "model": "south.migrationhistory", "fields": {"applied": "2013-07-13 12:10:38", "app_name": "reports", "migration": "0001_initial"}}, {"pk": 36, "model": "south.migrationhistory", "fields": {"applied": "2013-07-13 12:10:38", "app_name": "reports", "migration": "0002_auto__del_template__add_chart__del_field_report_template__add_field_re"}}, {"pk": 37, "model": "south.migrationhistory", "fields": {"applied": "2013-07-13 12:10:38", "app_name": "reports", "migration": "0003_delete_old"}}, {"pk": 38, "model": "south.migrationhistory", "fields": {"applied": "2013-07-13 12:10:38", "app_name": "sales", "migration": "0001_initial"}}, {"pk": 39, "model": "south.migrationhistory", "fields": {"applied": "2013-07-13 12:10:38", "app_name": "sales", "migration": "0002_auto__del_updaterecord__add_field_orderedproduct_tax__add_field_ordere"}}, {"pk": 40, "model": "south.migrationhistory", "fields": {"applied": "2013-07-13 12:10:38", "app_name": "sales", "migration": "0003_treeiocurrency"}}, {"pk": 41, "model": "south.migrationhistory", "fields": {"applied": "2013-07-13 12:10:38", "app_name": "sales", "migration": "0004_auto__chg_field_orderedproduct_quantity"}}, {"pk": 42, "model": "south.migrationhistory", "fields": {"applied": "2013-07-13 12:10:38", "app_name": "services", "migration": "0001_initial"}}, {"pk": 43, "model": "south.migrationhistory", "fields": {"applied": "2013-07-13 12:10:38", "app_name": "services", "migration": "0002_auto__add_field_ticketrecord_updaterecord_ptr"}}, {"pk": 44, "model": "south.migrationhistory", "fields": {"applied": "2013-07-13 12:10:38", "app_name": "services", "migration": "0003_updaterecords"}}, {"pk": 45, "model": "south.migrationhistory", "fields": {"applied": "2013-07-13 12:10:38", "app_name": "services", "migration": "0004_auto__del_field_ticketrecord_record_type__del_field_ticketrecord_detai"}}, {"pk": 46, "model": "south.migrationhistory", "fields": {"applied": "2013-07-13 12:10:38", "app_name": "captcha", "migration": "0001_initial"}}, {"pk": 25, "model": "auth.permission", "fields": {"codename": "add_notification", "name": "Can add notification", "content_type": 9}}, {"pk": 26, "model": "auth.permission", "fields": {"codename": "change_notification", "name": "Can change notification", "content_type": 9}}, {"pk": 27, "model": "auth.permission", "fields": {"codename": "delete_notification", "name": "Can delete notification", "content_type": 9}}, {"pk": 28, "model": "auth.permission", "fields": {"codename": "add_notificationsetting", "name": "Can add notification setting", "content_type": 10}}, {"pk": 29, "model": "auth.permission", "fields": {"codename": "change_notificationsetting", "name": "Can change notification setting", "content_type": 10}}, {"pk": 30, "model": "auth.permission", "fields": {"codename": "delete_notificationsetting", "name": "Can delete notification setting", "content_type": 10}}, {"pk": 22, "model": "auth.permission", "fields": {"codename": "add_logentry", "name": "Can add log entry", "content_type": 8}}, {"pk": 23, "model": "auth.permission", "fields": {"codename": "change_logentry", "name": "Can change log entry", "content_type": 8}}, {"pk": 24, "model": "auth.permission", "fields": {"codename": "delete_logentry", "name": "Can delete log entry", "content_type": 8}}, {"pk": 91, "model": "auth.permission", "fields": {"codename": "add_consumer", "name": "Can add consumer", "content_type": 31}}, {"pk": 92, "model": "auth.permission", "fields": {"codename": "change_consumer", "name": "Can change consumer", "content_type": 31}}, {"pk": 93, "model": "auth.permission", "fields": {"codename": "delete_consumer", "name": "Can delete consumer", "content_type": 31}}, {"pk": 88, "model": "auth.permission", "fields": {"codename": "add_nonce", "name": "Can add nonce", "content_type": 30}}, {"pk": 89, "model": "auth.permission", "fields": {"codename": "change_nonce", "name": "Can change nonce", "content_type": 30}}, {"pk": 90, "model": "auth.permission", "fields": {"codename": "delete_nonce", "name": "Can delete nonce", "content_type": 30}}, {"pk": 94, "model": "auth.permission", "fields": {"codename": "add_token", "name": "Can add token", "content_type": 32}}, {"pk": 95, "model": "auth.permission", "fields": {"codename": "change_token", "name": "Can change token", "content_type": 32}}, {"pk": 96, "model": "auth.permission", "fields": {"codename": "delete_token", "name": "Can delete token", "content_type": 32}}, {"pk": 4, "model": "auth.permission", "fields": {"codename": "add_group", "name": "Can add group", "content_type": 2}}, {"pk": 5, "model": "auth.permission", "fields": {"codename": "change_group", "name": "Can change group", "content_type": 2}}, {"pk": 6, "model": "auth.permission", "fields": {"codename": "delete_group", "name": "Can delete group", "content_type": 2}}, {"pk": 10, "model": "auth.permission", "fields": {"codename": "add_message", "name": "Can add message", "content_type": 4}}, {"pk": 11, "model": "auth.permission", "fields": {"codename": "change_message", "name": "Can change message", "content_type": 4}}, {"pk": 12, "model": "auth.permission", "fields": {"codename": "delete_message", "name": "Can delete message", "content_type": 4}}, {"pk": 1, "model": "auth.permission", "fields": {"codename": "add_permission", "name": "Can add permission", "content_type": 1}}, {"pk": 2, "model": "auth.permission", "fields": {"codename": "change_permission", "name": "Can change permission", "content_type": 1}}, {"pk": 3, "model": "auth.permission", "fields": {"codename": "delete_permission", "name": "Can delete permission", "content_type": 1}}, {"pk": 7, "model": "auth.permission", "fields": {"codename": "add_user", "name": "Can add user", "content_type": 3}}, {"pk": 8, "model": "auth.permission", "fields": {"codename": "change_user", "name": "Can change user", "content_type": 3}}, {"pk": 9, "model": "auth.permission", "fields": {"codename": "delete_user", "name": "Can delete user", "content_type": 3}}, {"pk": 256, "model": "auth.permission", "fields": {"codename": "add_captchastore", "name": "Can add captcha store", "content_type": 86}}, {"pk": 257, "model": "auth.permission", "fields": {"codename": "change_captchastore", "name": "Can change captcha store", "content_type": 86}}, {"pk": 258, "model": "auth.permission", "fields": {"codename": "delete_captchastore", "name": "Can delete captcha store", "content_type": 86}}, {"pk": 13, "model": "auth.permission", "fields": {"codename": "add_contenttype", "name": "Can add content type", "content_type": 5}}, {"pk": 14, "model": "auth.permission", "fields": {"codename": "change_contenttype", "name": "Can change content type", "content_type": 5}}, {"pk": 15, "model": "auth.permission", "fields": {"codename": "delete_contenttype", "name": "Can delete content type", "content_type": 5}}, {"pk": 31, "model": "auth.permission", "fields": {"codename": "add_accessentity", "name": "Can add access entity", "content_type": 11}}, {"pk": 32, "model": "auth.permission", "fields": {"codename": "change_accessentity", "name": "Can change access entity", "content_type": 11}}, {"pk": 33, "model": "auth.permission", "fields": {"codename": "delete_accessentity", "name": "Can delete access entity", "content_type": 11}}, {"pk": 85, "model": "auth.permission", "fields": {"codename": "add_attachment", "name": "Can add attachment", "content_type": 29}}, {"pk": 86, "model": "auth.permission", "fields": {"codename": "change_attachment", "name": "Can change attachment", "content_type": 29}}, {"pk": 87, "model": "auth.permission", "fields": {"codename": "delete_attachment", "name": "Can delete attachment", "content_type": 29}}, {"pk": 46, "model": "auth.permission", "fields": {"codename": "add_comment", "name": "Can add comment", "content_type": 16}}, {"pk": 47, "model": "auth.permission", "fields": {"codename": "change_comment", "name": "Can change comment", "content_type": 16}}, {"pk": 48, "model": "auth.permission", "fields": {"codename": "delete_comment", "name": "Can delete comment", "content_type": 16}}, {"pk": 70, "model": "auth.permission", "fields": {"codename": "add_configsetting", "name": "Can add config setting", "content_type": 24}}, {"pk": 71, "model": "auth.permission", "fields": {"codename": "change_configsetting", "name": "Can change config setting", "content_type": 24}}, {"pk": 72, "model": "auth.permission", "fields": {"codename": "delete_configsetting", "name": "Can delete config setting", "content_type": 24}}, {"pk": 34, "model": "auth.permission", "fields": {"codename": "add_group", "name": "Can add group", "content_type": 12}}, {"pk": 35, "model": "auth.permission", "fields": {"codename": "change_group", "name": "Can change group", "content_type": 12}}, {"pk": 36, "model": "auth.permission", "fields": {"codename": "delete_group", "name": "Can delete group", "content_type": 12}}, {"pk": 40, "model": "auth.permission", "fields": {"codename": "add_invitation", "name": "Can add invitation", "content_type": 14}}, {"pk": 41, "model": "auth.permission", "fields": {"codename": "change_invitation", "name": "Can change invitation", "content_type": 14}}, {"pk": 42, "model": "auth.permission", "fields": {"codename": "delete_invitation", "name": "Can delete invitation", "content_type": 14}}, {"pk": 73, "model": "auth.permission", "fields": {"codename": "add_location", "name": "Can add location", "content_type": 25}}, {"pk": 74, "model": "auth.permission", "fields": {"codename": "change_location", "name": "Can change location", "content_type": 25}}, {"pk": 75, "model": "auth.permission", "fields": {"codename": "delete_location", "name": "Can delete location", "content_type": 25}}, {"pk": 61, "model": "auth.permission", "fields": {"codename": "add_module", "name": "Can add module", "content_type": 21}}, {"pk": 62, "model": "auth.permission", "fields": {"codename": "change_module", "name": "Can change module", "content_type": 21}}, {"pk": 63, "model": "auth.permission", "fields": {"codename": "delete_module", "name": "Can delete module", "content_type": 21}}, {"pk": 67, "model": "auth.permission", "fields": {"codename": "add_modulesetting", "name": "Can add module setting", "content_type": 23}}, {"pk": 68, "model": "auth.permission", "fields": {"codename": "change_modulesetting", "name": "Can change module setting", "content_type": 23}}, {"pk": 69, "model": "auth.permission", "fields": {"codename": "delete_modulesetting", "name": "Can delete module setting", "content_type": 23}}, {"pk": 49, "model": "auth.permission", "fields": {"codename": "add_object", "name": "Can add object", "content_type": 17}}, {"pk": 50, "model": "auth.permission", "fields": {"codename": "change_object", "name": "Can change object", "content_type": 17}}, {"pk": 51, "model": "auth.permission", "fields": {"codename": "delete_object", "name": "Can delete object", "content_type": 17}}, {"pk": 79, "model": "auth.permission", "fields": {"codename": "add_page", "name": "Can add page", "content_type": 27}}, {"pk": 80, "model": "auth.permission", "fields": {"codename": "change_page", "name": "Can change page", "content_type": 27}}, {"pk": 81, "model": "auth.permission", "fields": {"codename": "delete_page", "name": "Can delete page", "content_type": 27}}, {"pk": 76, "model": "auth.permission", "fields": {"codename": "add_pagefolder", "name": "Can add page folder", "content_type": 26}}, {"pk": 77, "model": "auth.permission", "fields": {"codename": "change_pagefolder", "name": "Can change page folder", "content_type": 26}}, {"pk": 78, "model": "auth.permission", "fields": {"codename": "delete_pagefolder", "name": "Can delete page folder", "content_type": 26}}, {"pk": 64, "model": "auth.permission", "fields": {"codename": "add_perspective", "name": "Can add perspective", "content_type": 22}}, {"pk": 65, "model": "auth.permission", "fields": {"codename": "change_perspective", "name": "Can change perspective", "content_type": 22}}, {"pk": 66, "model": "auth.permission", "fields": {"codename": "delete_perspective", "name": "Can delete perspective", "content_type": 22}}, {"pk": 52, "model": "auth.permission", "fields": {"codename": "add_revision", "name": "Can add revision", "content_type": 18}}, {"pk": 53, "model": "auth.permission", "fields": {"codename": "change_revision", "name": "Can change revision", "content_type": 18}}, {"pk": 54, "model": "auth.permission", "fields": {"codename": "delete_revision", "name": "Can delete revision", "content_type": 18}}, {"pk": 55, "model": "auth.permission", "fields": {"codename": "add_revisionfield", "name": "Can add revision field", "content_type": 19}}, {"pk": 56, "model": "auth.permission", "fields": {"codename": "change_revisionfield", "name": "Can change revision field", "content_type": 19}}, {"pk": 57, "model": "auth.permission", "fields": {"codename": "delete_revisionfield", "name": "Can delete revision field", "content_type": 19}}, {"pk": 43, "model": "auth.permission", "fields": {"codename": "add_tag", "name": "Can add tag", "content_type": 15}}, {"pk": 44, "model": "auth.permission", "fields": {"codename": "change_tag", "name": "Can change tag", "content_type": 15}}, {"pk": 45, "model": "auth.permission", "fields": {"codename": "delete_tag", "name": "Can delete tag", "content_type": 15}}, {"pk": 58, "model": "auth.permission", "fields": {"codename": "add_updaterecord", "name": "Can add update record", "content_type": 20}}, {"pk": 59, "model": "auth.permission", "fields": {"codename": "change_updaterecord", "name": "Can change update record", "content_type": 20}}, {"pk": 60, "model": "auth.permission", "fields": {"codename": "delete_updaterecord", "name": "Can delete update record", "content_type": 20}}, {"pk": 37, "model": "auth.permission", "fields": {"codename": "add_user", "name": "Can add user", "content_type": 13}}, {"pk": 38, "model": "auth.permission", "fields": {"codename": "change_user", "name": "Can change user", "content_type": 13}}, {"pk": 39, "model": "auth.permission", "fields": {"codename": "delete_user", "name": "Can delete user", "content_type": 13}}, {"pk": 82, "model": "auth.permission", "fields": {"codename": "add_widget", "name": "Can add widget", "content_type": 28}}, {"pk": 83, "model": "auth.permission", "fields": {"codename": "change_widget", "name": "Can change widget", "content_type": 28}}, {"pk": 84, "model": "auth.permission", "fields": {"codename": "delete_widget", "name": "Can delete widget", "content_type": 28}}, {"pk": 103, "model": "auth.permission", "fields": {"codename": "add_document", "name": "Can add document", "content_type": 35}}, {"pk": 104, "model": "auth.permission", "fields": {"codename": "change_document", "name": "Can change document", "content_type": 35}}, {"pk": 105, "model": "auth.permission", "fields": {"codename": "delete_document", "name": "Can delete document", "content_type": 35}}, {"pk": 100, "model": "auth.permission", "fields": {"codename": "add_file", "name": "Can add file", "content_type": 34}}, {"pk": 101, "model": "auth.permission", "fields": {"codename": "change_file", "name": "Can change file", "content_type": 34}}, {"pk": 102, "model": "auth.permission", "fields": {"codename": "delete_file", "name": "Can delete file", "content_type": 34}}, {"pk": 97, "model": "auth.permission", "fields": {"codename": "add_folder", "name": "Can add folder", "content_type": 33}}, {"pk": 98, "model": "auth.permission", "fields": {"codename": "change_folder", "name": "Can change folder", "content_type": 33}}, {"pk": 99, "model": "auth.permission", "fields": {"codename": "delete_folder", "name": "Can delete folder", "content_type": 33}}, {"pk": 106, "model": "auth.permission", "fields": {"codename": "add_weblink", "name": "Can add web link", "content_type": 36}}, {"pk": 107, "model": "auth.permission", "fields": {"codename": "change_weblink", "name": "Can change web link", "content_type": 36}}, {"pk": 108, "model": "auth.permission", "fields": {"codename": "delete_weblink", "name": "Can delete web link", "content_type": 36}}, {"pk": 109, "model": "auth.permission", "fields": {"codename": "add_event", "name": "Can add event", "content_type": 37}}, {"pk": 110, "model": "auth.permission", "fields": {"codename": "change_event", "name": "Can change event", "content_type": 37}}, {"pk": 111, "model": "auth.permission", "fields": {"codename": "delete_event", "name": "Can delete event", "content_type": 37}}, {"pk": 112, "model": "auth.permission", "fields": {"codename": "add_invitation", "name": "Can add invitation", "content_type": 38}}, {"pk": 113, "model": "auth.permission", "fields": {"codename": "change_invitation", "name": "Can change invitation", "content_type": 38}}, {"pk": 114, "model": "auth.permission", "fields": {"codename": "delete_invitation", "name": "Can delete invitation", "content_type": 38}}, {"pk": 127, "model": "auth.permission", "fields": {"codename": "add_account", "name": "Can add account", "content_type": 43}}, {"pk": 128, "model": "auth.permission", "fields": {"codename": "change_account", "name": "Can change account", "content_type": 43}}, {"pk": 129, "model": "auth.permission", "fields": {"codename": "delete_account", "name": "Can delete account", "content_type": 43}}, {"pk": 124, "model": "auth.permission", "fields": {"codename": "add_asset", "name": "Can add asset", "content_type": 42}}, {"pk": 125, "model": "auth.permission", "fields": {"codename": "change_asset", "name": "Can change asset", "content_type": 42}}, {"pk": 126, "model": "auth.permission", "fields": {"codename": "delete_asset", "name": "Can delete asset", "content_type": 42}}, {"pk": 121, "model": "auth.permission", "fields": {"codename": "add_category", "name": "Can add category", "content_type": 41}}, {"pk": 122, "model": "auth.permission", "fields": {"codename": "change_category", "name": "Can change category", "content_type": 41}}, {"pk": 123, "model": "auth.permission", "fields": {"codename": "delete_category", "name": "Can delete category", "content_type": 41}}, {"pk": 115, "model": "auth.permission", "fields": {"codename": "add_currency", "name": "Can add currency", "content_type": 39}}, {"pk": 116, "model": "auth.permission", "fields": {"codename": "change_currency", "name": "Can change currency", "content_type": 39}}, {"pk": 117, "model": "auth.permission", "fields": {"codename": "delete_currency", "name": "Can delete currency", "content_type": 39}}, {"pk": 130, "model": "auth.permission", "fields": {"codename": "add_equity", "name": "Can add equity", "content_type": 44}}, {"pk": 131, "model": "auth.permission", "fields": {"codename": "change_equity", "name": "Can change equity", "content_type": 44}}, {"pk": 132, "model": "auth.permission", "fields": {"codename": "delete_equity", "name": "Can delete equity", "content_type": 44}}, {"pk": 133, "model": "auth.permission", "fields": {"codename": "add_liability", "name": "Can add liability", "content_type": 45}}, {"pk": 134, "model": "auth.permission", "fields": {"codename": "change_liability", "name": "Can change liability", "content_type": 45}}, {"pk": 135, "model": "auth.permission", "fields": {"codename": "delete_liability", "name": "Can delete liability", "content_type": 45}}, {"pk": 118, "model": "auth.permission", "fields": {"codename": "add_tax", "name": "Can add tax", "content_type": 40}}, {"pk": 119, "model": "auth.permission", "fields": {"codename": "change_tax", "name": "Can change tax", "content_type": 40}}, {"pk": 120, "model": "auth.permission", "fields": {"codename": "delete_tax", "name": "Can delete tax", "content_type": 40}}, {"pk": 136, "model": "auth.permission", "fields": {"codename": "add_transaction", "name": "Can add transaction", "content_type": 46}}, {"pk": 137, "model": "auth.permission", "fields": {"codename": "change_transaction", "name": "Can change transaction", "content_type": 46}}, {"pk": 138, "model": "auth.permission", "fields": {"codename": "delete_transaction", "name": "Can delete transaction", "content_type": 46}}, {"pk": 145, "model": "auth.permission", "fields": {"codename": "add_contact", "name": "Can add contact", "content_type": 49}}, {"pk": 146, "model": "auth.permission", "fields": {"codename": "change_contact", "name": "Can change contact", "content_type": 49}}, {"pk": 147, "model": "auth.permission", "fields": {"codename": "delete_contact", "name": "Can delete contact", "content_type": 49}}, {"pk": 139, "model": "auth.permission", "fields": {"codename": "add_contactfield", "name": "Can add contact field", "content_type": 47}}, {"pk": 140, "model": "auth.permission", "fields": {"codename": "change_contactfield", "name": "Can change contact field", "content_type": 47}}, {"pk": 141, "model": "auth.permission", "fields": {"codename": "delete_contactfield", "name": "Can delete contact field", "content_type": 47}}, {"pk": 142, "model": "auth.permission", "fields": {"codename": "add_contacttype", "name": "Can add contact type", "content_type": 48}}, {"pk": 143, "model": "auth.permission", "fields": {"codename": "change_contacttype", "name": "Can change contact type", "content_type": 48}}, {"pk": 144, "model": "auth.permission", "fields": {"codename": "delete_contacttype", "name": "Can delete contact type", "content_type": 48}}, {"pk": 148, "model": "auth.permission", "fields": {"codename": "add_contactvalue", "name": "Can add contact value", "content_type": 50}}, {"pk": 149, "model": "auth.permission", "fields": {"codename": "change_contactvalue", "name": "Can change contact value", "content_type": 50}}, {"pk": 150, "model": "auth.permission", "fields": {"codename": "delete_contactvalue", "name": "Can delete contact value", "content_type": 50}}, {"pk": 160, "model": "auth.permission", "fields": {"codename": "add_item", "name": "Can add item", "content_type": 54}}, {"pk": 161, "model": "auth.permission", "fields": {"codename": "change_item", "name": "Can change item", "content_type": 54}}, {"pk": 162, "model": "auth.permission", "fields": {"codename": "delete_item", "name": "Can delete item", "content_type": 54}}, {"pk": 151, "model": "auth.permission", "fields": {"codename": "add_itemfield", "name": "Can add item field", "content_type": 51}}, {"pk": 152, "model": "auth.permission", "fields": {"codename": "change_itemfield", "name": "Can change item field", "content_type": 51}}, {"pk": 153, "model": "auth.permission", "fields": {"codename": "delete_itemfield", "name": "Can delete item field", "content_type": 51}}, {"pk": 166, "model": "auth.permission", "fields": {"codename": "add_itemservicing", "name": "Can add item servicing", "content_type": 56}}, {"pk": 167, "model": "auth.permission", "fields": {"codename": "change_itemservicing", "name": "Can change item servicing", "content_type": 56}}, {"pk": 168, "model": "auth.permission", "fields": {"codename": "delete_itemservicing", "name": "Can delete item servicing", "content_type": 56}}, {"pk": 157, "model": "auth.permission", "fields": {"codename": "add_itemstatus", "name": "Can add item status", "content_type": 53}}, {"pk": 158, "model": "auth.permission", "fields": {"codename": "change_itemstatus", "name": "Can change item status", "content_type": 53}}, {"pk": 159, "model": "auth.permission", "fields": {"codename": "delete_itemstatus", "name": "Can delete item status", "content_type": 53}}, {"pk": 154, "model": "auth.permission", "fields": {"codename": "add_itemtype", "name": "Can add item type", "content_type": 52}}, {"pk": 155, "model": "auth.permission", "fields": {"codename": "change_itemtype", "name": "Can change item type", "content_type": 52}}, {"pk": 156, "model": "auth.permission", "fields": {"codename": "delete_itemtype", "name": "Can delete item type", "content_type": 52}}, {"pk": 163, "model": "auth.permission", "fields": {"codename": "add_itemvalue", "name": "Can add item value", "content_type": 55}}, {"pk": 164, "model": "auth.permission", "fields": {"codename": "change_itemvalue", "name": "Can change item value", "content_type": 55}}, {"pk": 165, "model": "auth.permission", "fields": {"codename": "delete_itemvalue", "name": "Can delete item value", "content_type": 55}}, {"pk": 172, "model": "auth.permission", "fields": {"codename": "add_knowledgecategory", "name": "Can add knowledge category", "content_type": 58}}, {"pk": 173, "model": "auth.permission", "fields": {"codename": "change_knowledgecategory", "name": "Can change knowledge category", "content_type": 58}}, {"pk": 174, "model": "auth.permission", "fields": {"codename": "delete_knowledgecategory", "name": "Can delete knowledge category", "content_type": 58}}, {"pk": 169, "model": "auth.permission", "fields": {"codename": "add_knowledgefolder", "name": "Can add knowledge folder", "content_type": 57}}, {"pk": 170, "model": "auth.permission", "fields": {"codename": "change_knowledgefolder", "name": "Can change knowledge folder", "content_type": 57}}, {"pk": 171, "model": "auth.permission", "fields": {"codename": "delete_knowledgefolder", "name": "Can delete knowledge folder", "content_type": 57}}, {"pk": 175, "model": "auth.permission", "fields": {"codename": "add_knowledgeitem", "name": "Can add knowledge item", "content_type": 59}}, {"pk": 176, "model": "auth.permission", "fields": {"codename": "change_knowledgeitem", "name": "Can change knowledge item", "content_type": 59}}, {"pk": 177, "model": "auth.permission", "fields": {"codename": "delete_knowledgeitem", "name": "Can delete knowledge item", "content_type": 59}}, {"pk": 181, "model": "auth.permission", "fields": {"codename": "add_mailinglist", "name": "Can add mailing list", "content_type": 61}}, {"pk": 182, "model": "auth.permission", "fields": {"codename": "change_mailinglist", "name": "Can change mailing list", "content_type": 61}}, {"pk": 183, "model": "auth.permission", "fields": {"codename": "delete_mailinglist", "name": "Can delete mailing list", "content_type": 61}}, {"pk": 187, "model": "auth.permission", "fields": {"codename": "add_message", "name": "Can add message", "content_type": 63}}, {"pk": 188, "model": "auth.permission", "fields": {"codename": "change_message", "name": "Can change message", "content_type": 63}}, {"pk": 189, "model": "auth.permission", "fields": {"codename": "delete_message", "name": "Can delete message", "content_type": 63}}, {"pk": 184, "model": "auth.permission", "fields": {"codename": "add_messagestream", "name": "Can add Stream", "content_type": 62}}, {"pk": 185, "model": "auth.permission", "fields": {"codename": "change_messagestream", "name": "Can change Stream", "content_type": 62}}, {"pk": 186, "model": "auth.permission", "fields": {"codename": "delete_messagestream", "name": "Can delete Stream", "content_type": 62}}, {"pk": 178, "model": "auth.permission", "fields": {"codename": "add_template", "name": "Can add template", "content_type": 60}}, {"pk": 179, "model": "auth.permission", "fields": {"codename": "change_template", "name": "Can change template", "content_type": 60}}, {"pk": 180, "model": "auth.permission", "fields": {"codename": "delete_template", "name": "Can delete template", "content_type": 60}}, {"pk": 196, "model": "auth.permission", "fields": {"codename": "add_milestone", "name": "Can add milestone", "content_type": 66}}, {"pk": 197, "model": "auth.permission", "fields": {"codename": "change_milestone", "name": "Can change milestone", "content_type": 66}}, {"pk": 198, "model": "auth.permission", "fields": {"codename": "delete_milestone", "name": "Can delete milestone", "content_type": 66}}, {"pk": 190, "model": "auth.permission", "fields": {"codename": "add_project", "name": "Can add project", "content_type": 64}}, {"pk": 191, "model": "auth.permission", "fields": {"codename": "change_project", "name": "Can change project", "content_type": 64}}, {"pk": 192, "model": "auth.permission", "fields": {"codename": "delete_project", "name": "Can delete project", "content_type": 64}}, {"pk": 199, "model": "auth.permission", "fields": {"codename": "add_task", "name": "Can add task", "content_type": 67}}, {"pk": 200, "model": "auth.permission", "fields": {"codename": "change_task", "name": "Can change task", "content_type": 67}}, {"pk": 201, "model": "auth.permission", "fields": {"codename": "delete_task", "name": "Can delete task", "content_type": 67}}, {"pk": 193, "model": "auth.permission", "fields": {"codename": "add_taskstatus", "name": "Can add task status", "content_type": 65}}, {"pk": 194, "model": "auth.permission", "fields": {"codename": "change_taskstatus", "name": "Can change task status", "content_type": 65}}, {"pk": 195, "model": "auth.permission", "fields": {"codename": "delete_taskstatus", "name": "Can delete task status", "content_type": 65}}, {"pk": 202, "model": "auth.permission", "fields": {"codename": "add_tasktimeslot", "name": "Can add task time slot", "content_type": 68}}, {"pk": 203, "model": "auth.permission", "fields": {"codename": "change_tasktimeslot", "name": "Can change task time slot", "content_type": 68}}, {"pk": 204, "model": "auth.permission", "fields": {"codename": "delete_tasktimeslot", "name": "Can delete task time slot", "content_type": 68}}, {"pk": 208, "model": "auth.permission", "fields": {"codename": "add_chart", "name": "Can add chart", "content_type": 70}}, {"pk": 209, "model": "auth.permission", "fields": {"codename": "change_chart", "name": "Can change chart", "content_type": 70}}, {"pk": 210, "model": "auth.permission", "fields": {"codename": "delete_chart", "name": "Can delete chart", "content_type": 70}}, {"pk": 205, "model": "auth.permission", "fields": {"codename": "add_report", "name": "Can add report", "content_type": 69}}, {"pk": 206, "model": "auth.permission", "fields": {"codename": "change_report", "name": "Can change report", "content_type": 69}}, {"pk": 207, "model": "auth.permission", "fields": {"codename": "delete_report", "name": "Can delete report", "content_type": 69}}, {"pk": 220, "model": "auth.permission", "fields": {"codename": "add_lead", "name": "Can add lead", "content_type": 74}}, {"pk": 221, "model": "auth.permission", "fields": {"codename": "change_lead", "name": "Can change lead", "content_type": 74}}, {"pk": 222, "model": "auth.permission", "fields": {"codename": "delete_lead", "name": "Can delete lead", "content_type": 74}}, {"pk": 223, "model": "auth.permission", "fields": {"codename": "add_opportunity", "name": "Can add opportunity", "content_type": 75}}, {"pk": 224, "model": "auth.permission", "fields": {"codename": "change_opportunity", "name": "Can change opportunity", "content_type": 75}}, {"pk": 225, "model": "auth.permission", "fields": {"codename": "delete_opportunity", "name": "Can delete opportunity", "content_type": 75}}, {"pk": 232, "model": "auth.permission", "fields": {"codename": "add_orderedproduct", "name": "Can add ordered product", "content_type": 78}}, {"pk": 233, "model": "auth.permission", "fields": {"codename": "change_orderedproduct", "name": "Can change ordered product", "content_type": 78}}, {"pk": 234, "model": "auth.permission", "fields": {"codename": "delete_orderedproduct", "name": "Can delete ordered product", "content_type": 78}}, {"pk": 214, "model": "auth.permission", "fields": {"codename": "add_product", "name": "Can add product", "content_type": 72}}, {"pk": 215, "model": "auth.permission", "fields": {"codename": "change_product", "name": "Can change product", "content_type": 72}}, {"pk": 216, "model": "auth.permission", "fields": {"codename": "delete_product", "name": "Can delete product", "content_type": 72}}, {"pk": 226, "model": "auth.permission", "fields": {"codename": "add_saleorder", "name": "Can add sale order", "content_type": 76}}, {"pk": 227, "model": "auth.permission", "fields": {"codename": "change_saleorder", "name": "Can change sale order", "content_type": 76}}, {"pk": 228, "model": "auth.permission", "fields": {"codename": "delete_saleorder", "name": "Can delete sale order", "content_type": 76}}, {"pk": 217, "model": "auth.permission", "fields": {"codename": "add_salesource", "name": "Can add sale source", "content_type": 73}}, {"pk": 218, "model": "auth.permission", "fields": {"codename": "change_salesource", "name": "Can change sale source", "content_type": 73}}, {"pk": 219, "model": "auth.permission", "fields": {"codename": "delete_salesource", "name": "Can delete sale source", "content_type": 73}}, {"pk": 211, "model": "auth.permission", "fields": {"codename": "add_salestatus", "name": "Can add sale status", "content_type": 71}}, {"pk": 212, "model": "auth.permission", "fields": {"codename": "change_salestatus", "name": "Can change sale status", "content_type": 71}}, {"pk": 213, "model": "auth.permission", "fields": {"codename": "delete_salestatus", "name": "Can delete sale status", "content_type": 71}}, {"pk": 229, "model": "auth.permission", "fields": {"codename": "add_subscription", "name": "Can add subscription", "content_type": 77}}, {"pk": 230, "model": "auth.permission", "fields": {"codename": "change_subscription", "name": "Can change subscription", "content_type": 77}}, {"pk": 231, "model": "auth.permission", "fields": {"codename": "delete_subscription", "name": "Can delete subscription", "content_type": 77}}, {"pk": 238, "model": "auth.permission", "fields": {"codename": "add_service", "name": "Can add service", "content_type": 80}}, {"pk": 239, "model": "auth.permission", "fields": {"codename": "change_service", "name": "Can change service", "content_type": 80}}, {"pk": 240, "model": "auth.permission", "fields": {"codename": "delete_service", "name": "Can delete service", "content_type": 80}}, {"pk": 244, "model": "auth.permission", "fields": {"codename": "add_serviceagent", "name": "Can add service agent", "content_type": 82}}, {"pk": 245, "model": "auth.permission", "fields": {"codename": "change_serviceagent", "name": "Can change service agent", "content_type": 82}}, {"pk": 246, "model": "auth.permission", "fields": {"codename": "delete_serviceagent", "name": "Can delete service agent", "content_type": 82}}, {"pk": 241, "model": "auth.permission", "fields": {"codename": "add_servicelevelagreement", "name": "Can add service level agreement", "content_type": 81}}, {"pk": 242, "model": "auth.permission", "fields": {"codename": "change_servicelevelagreement", "name": "Can change service level agreement", "content_type": 81}}, {"pk": 243, "model": "auth.permission", "fields": {"codename": "delete_servicelevelagreement", "name": "Can delete service level agreement", "content_type": 81}}, {"pk": 250, "model": "auth.permission", "fields": {"codename": "add_ticket", "name": "Can add ticket", "content_type": 84}}, {"pk": 251, "model": "auth.permission", "fields": {"codename": "change_ticket", "name": "Can change ticket", "content_type": 84}}, {"pk": 252, "model": "auth.permission", "fields": {"codename": "delete_ticket", "name": "Can delete ticket", "content_type": 84}}, {"pk": 247, "model": "auth.permission", "fields": {"codename": "add_ticketqueue", "name": "Can add ticket queue", "content_type": 83}}, {"pk": 248, "model": "auth.permission", "fields": {"codename": "change_ticketqueue", "name": "Can change ticket queue", "content_type": 83}}, {"pk": 249, "model": "auth.permission", "fields": {"codename": "delete_ticketqueue", "name": "Can delete ticket queue", "content_type": 83}}, {"pk": 253, "model": "auth.permission", "fields": {"codename": "add_ticketrecord", "name": "Can add ticket record", "content_type": 85}}, {"pk": 254, "model": "auth.permission", "fields": {"codename": "change_ticketrecord", "name": "Can change ticket record", "content_type": 85}}, {"pk": 255, "model": "auth.permission", "fields": {"codename": "delete_ticketrecord", "name": "Can delete ticket record", "content_type": 85}}, {"pk": 235, "model": "auth.permission", "fields": {"codename": "add_ticketstatus", "name": "Can add ticket status", "content_type": 79}}, {"pk": 236, "model": "auth.permission", "fields": {"codename": "change_ticketstatus", "name": "Can change ticket status", "content_type": 79}}, {"pk": 237, "model": "auth.permission", "fields": {"codename": "delete_ticketstatus", "name": "Can delete ticket status", "content_type": 79}}, {"pk": 16, "model": "auth.permission", "fields": {"codename": "add_session", "name": "Can add session", "content_type": 6}}, {"pk": 17, "model": "auth.permission", "fields": {"codename": "change_session", "name": "Can change session", "content_type": 6}}, {"pk": 18, "model": "auth.permission", "fields": {"codename": "delete_session", "name": "Can delete session", "content_type": 6}}, {"pk": 19, "model": "auth.permission", "fields": {"codename": "add_site", "name": "Can add site", "content_type": 7}}, {"pk": 20, "model": "auth.permission", "fields": {"codename": "change_site", "name": "Can change site", "content_type": 7}}, {"pk": 21, "model": "auth.permission", "fields": {"codename": "delete_site", "name": "Can delete site", "content_type": 7}}, {"pk": 1, "model": "auth.user", "fields": {"username": "admin", "first_name": "", "last_name": "", "is_active": true, "is_superuser": true, "is_staff": true, "last_login": "2013-07-13 19:07:38", "groups": [], "user_permissions": [], "password": "sha1$d8f5f$cec9e212286bf5b056e72539c55227d94a21b4b7", "email": "admin@example.com", "date_joined": "2011-11-08 19:42:16"}}]
