[{"pk": "ff7097cc228f3b4663f4acd220919b67", "model": "sessions.session", "fields": {"expire_date": "2011-03-09 00:25:15", "session_data": "gAJ9cQEoVRJfYXV0aF91c2VyX2JhY2tlbmRxAlUpZGphbmdvLmNvbnRyaWIuYXV0aC5iYWNrZW5k\ncy5Nb2RlbEJhY2tlbmRxA1UNX2F1dGhfdXNlcl9pZHEEigEBdS5lYzQ5Zjc5ZWU3ZGYxOGE4MGZl\nODFkYzY5NjJjNGMwMQ==\n"}}, {"pk": "19380c9896c778e115efd013ba946c31", "model": "sessions.session", "fields": {"expire_date": "2011-03-08 23:42:14", "session_data": "gAJ9cQEoVRJfYXV0aF91c2VyX2JhY2tlbmRxAlUpZGphbmdvLmNvbnRyaWIuYXV0aC5iYWNrZW5k\ncy5Nb2RlbEJhY2tlbmRxA1UNX2F1dGhfdXNlcl9pZHEEigEBdS5lYzQ5Zjc5ZWU3ZGYxOGE4MGZl\nODFkYzY5NjJjNGMwMQ==\n"}}, {"pk": "4b5e12c1ba6e484233c4b32e889ecf12", "model": "sessions.session", "fields": {"expire_date": "2011-03-30 17:29:12", "session_data": "gAJ9cQEuZGU4NTQxZWIyZjZkZjQwZDRhZmZhNDRmOGViMmZhNmM=\n"}}, {"pk": "6ab27b1d374d1b8e25cd5b6cb1ff0d2d", "model": "sessions.session", "fields": {"expire_date": "2011-03-10 21:19:09", "session_data": "gAJ9cQEoVRJfYXV0aF91c2VyX2JhY2tlbmRxAlUpZGphbmdvLmNvbnRyaWIuYXV0aC5iYWNrZW5k\ncy5Nb2RlbEJhY2tlbmRxA1UNX2F1dGhfdXNlcl9pZHEEigEBdS5lYzQ5Zjc5ZWU3ZGYxOGE4MGZl\nODFkYzY5NjJjNGMwMQ==\n"}}, {"pk": "ad06d52c216fd5310ac9dc4e2c946962", "model": "sessions.session", "fields": {"expire_date": "2011-03-11 01:55:10", "session_data": "gAJ9cQEoVRJfYXV0aF91c2VyX2JhY2tlbmRxAlUpZGphbmdvLmNvbnRyaWIuYXV0aC5iYWNrZW5k\ncy5Nb2RlbEJhY2tlbmRxA1UNX2F1dGhfdXNlcl9pZHEEigEBdS5lYzQ5Zjc5ZWU3ZGYxOGE4MGZl\nODFkYzY5NjJjNGMwMQ==\n"}}, {"pk": "93a869e12cb4ee3804dc10f372f235f3", "model": "sessions.session", "fields": {"expire_date": "2011-03-30 17:29:12", "session_data": "gAJ9cQEuZGU4NTQxZWIyZjZkZjQwZDRhZmZhNDRmOGViMmZhNmM=\n"}}, {"pk": "c8d3c725b35ba2a192708a983acacbc1", "model": "sessions.session", "fields": {"expire_date": "2011-03-24 20:36:38", "session_data": "gAJ9cQEoVRJfYXV0aF91c2VyX2JhY2tlbmRxAlUpZGphbmdvLmNvbnRyaWIuYXV0aC5iYWNrZW5k\ncy5Nb2RlbEJhY2tlbmRxA1UNX2F1dGhfdXNlcl9pZHEEigEBdS5lYzQ5Zjc5ZWU3ZGYxOGE4MGZl\nODFkYzY5NjJjNGMwMQ==\n"}}, {"pk": "eacead8005108a20d89c5e31e8f4b29b", "model": "sessions.session", "fields": {"expire_date": "2011-03-24 20:39:44", "session_data": "gAJ9cQEuZGU4NTQxZWIyZjZkZjQwZDRhZmZhNDRmOGViMmZhNmM=\n"}}, {"pk": "b20caff9ebf139ee3e508bb7982c7a69", "model": "sessions.session", "fields": {"expire_date": "2011-03-24 20:48:48", "session_data": "gAJ9cQEuZGU4NTQxZWIyZjZkZjQwZDRhZmZhNDRmOGViMmZhNmM=\n"}}, {"pk": "7b4479f32db743c2b018b32acf1b7ec3", "model": "sessions.session", "fields": {"expire_date": "2011-03-24 20:58:48", "session_data": "gAJ9cQEuZGU4NTQxZWIyZjZkZjQwZDRhZmZhNDRmOGViMmZhNmM=\n"}}, {"pk": "75ec6723eaecde69ea9bf27829880a24", "model": "sessions.session", "fields": {"expire_date": "2011-03-30 17:29:12", "session_data": "gAJ9cQEuZGU4NTQxZWIyZjZkZjQwZDRhZmZhNDRmOGViMmZhNmM=\n"}}, {"pk": "4cb9bc7eed3156ba097e9250650c8ff0", "model": "sessions.session", "fields": {"expire_date": "2011-03-30 17:29:12", "session_data": "gAJ9cQEuZGU4NTQxZWIyZjZkZjQwZDRhZmZhNDRmOGViMmZhNmM=\n"}}, {"pk": "6f2dc8e56ec71d43ab0dc397d7f0498e", "model": "sessions.session", "fields": {"expire_date": "2011-03-30 17:29:12", "session_data": "gAJ9cQEuZGU4NTQxZWIyZjZkZjQwZDRhZmZhNDRmOGViMmZhNmM=\n"}}, {"pk": "364e328417a5576b4eec000c763e860d", "model": "sessions.session", "fields": {"expire_date": "2011-03-30 17:29:12", "session_data": "gAJ9cQEuZGU4NTQxZWIyZjZkZjQwZDRhZmZhNDRmOGViMmZhNmM=\n"}}, {"pk": "089565cf91aae142dfa5b464fde2b13f", "model": "sessions.session", "fields": {"expire_date": "2011-03-31 00:46:47", "session_data": "gAJ9cQEoVRJfYXV0aF91c2VyX2JhY2tlbmRxAlUpZGphbmdvLmNvbnRyaWIuYXV0aC5iYWNrZW5k\ncy5Nb2RlbEJhY2tlbmRxA1UNX2F1dGhfdXNlcl9pZHEEigEBdS5lYzQ5Zjc5ZWU3ZGYxOGE4MGZl\nODFkYzY5NjJjNGMwMQ==\n"}}, {"pk": "6f1c8983b453466cccaae75b213a8224", "model": "sessions.session", "fields": {"expire_date": "2011-08-24 22:52:20", "session_data": "YmQzMGFkYTQ1Yjk4MzQ1MTdjMDhhY2E1MzAyY2M2M2UzYTJkZTI1YTqAAn1xAS4=\n"}}, {"pk": "c65b7f7a1f5c901d64595672554a0305", "model": "sessions.session", "fields": {"expire_date": "2011-09-02 23:20:57", "session_data": "MWQ0NDNiMGY5NGFmMDY2ZWMyYTUxOTgyYmZiMDUzN2Q4M2U4M2VjYjqAAn1xAShVEl9hdXRoX3Vz\nZXJfYmFja2VuZHECVSlkamFuZ28uY29udHJpYi5hdXRoLmJhY2tlbmRzLk1vZGVsQmFja2VuZHED\nVQ1fYXV0aF91c2VyX2lkcQSKAQF1Lg==\n"}}, {"pk": "b987971a3b49921cb7d526c1e5b19529", "model": "sessions.session", "fields": {"expire_date": "2011-11-03 17:44:43", "session_data": "MWQ0NDNiMGY5NGFmMDY2ZWMyYTUxOTgyYmZiMDUzN2Q4M2U4M2VjYjqAAn1xAShVEl9hdXRoX3Vz\nZXJfYmFja2VuZHECVSlkamFuZ28uY29udHJpYi5hdXRoLmJhY2tlbmRzLk1vZGVsQmFja2VuZHED\nVQ1fYXV0aF91c2VyX2lkcQSKAQF1Lg==\n"}}, {"pk": "26b68619c0ba3acffdb676205e596e6e", "model": "sessions.session", "fields": {"expire_date": "2011-11-22 19:42:45", "session_data": "MjM5MjU1ZjE5MmJkNzhjOTY1MGJiNjc3ODI0N2MwMTFiM2FjMGU3OTqAAn1xAShVEl9hdXRoX3Vz\nZXJfYmFja2VuZHECVSlkamFuZ28uY29udHJpYi5hdXRoLmJhY2tlbmRzLk1vZGVsQmFja2VuZHED\nVQ1fYXV0aF91c2VyX2lkcQRLAXUu\n"}}, {"pk": "69539eec45a548222d7059ef05a2db3f", "model": "sessions.session", "fields": {"expire_date": "2013-07-27 17:40:34", "session_data": "MjM5MjU1ZjE5MmJkNzhjOTY1MGJiNjc3ODI0N2MwMTFiM2FjMGU3OTqAAn1xAShVEl9hdXRoX3Vz\nZXJfYmFja2VuZHECVSlkamFuZ28uY29udHJpYi5hdXRoLmJhY2tlbmRzLk1vZGVsQmFja2VuZHED\nVQ1fYXV0aF91c2VyX2lkcQRLAXUu\n"}}, {"pk": "5e62a6d36022e48d37494a9958e261cd", "model": "sessions.session", "fields": {"expire_date": "2013-07-27 17:41:28", "session_data": "MjM5MjU1ZjE5MmJkNzhjOTY1MGJiNjc3ODI0N2MwMTFiM2FjMGU3OTqAAn1xAShVEl9hdXRoX3Vz\nZXJfYmFja2VuZHECVSlkamFuZ28uY29udHJpYi5hdXRoLmJhY2tlbmRzLk1vZGVsQmFja2VuZHED\nVQ1fYXV0aF91c2VyX2lkcQRLAXUu\n"}}, {"pk": "a5001a6bc2a50bf08bdd28abd35ab1df", "model": "sessions.session", "fields": {"expire_date": "2013-07-27 19:07:38", "session_data": "MjM5MjU1ZjE5MmJkNzhjOTY1MGJiNjc3ODI0N2MwMTFiM2FjMGU3OTqAAn1xAShVEl9hdXRoX3Vz\nZXJfYmFja2VuZHECVSlkamFuZ28uY29udHJpYi5hdXRoLmJhY2tlbmRzLk1vZGVsQmFja2VuZHED\nVQ1fYXV0aF91c2VyX2lkcQRLAXUu\n"}}, {"pk": 1, "model": "sites.site", "fields": {"domain": "example.com", "name": "example.com"}}, {"pk": 1, "model": "core.accessentity", "fields": {"last_updated": "2013-07-13 17:01:48"}}, {"pk": 2, "model": "core.accessentity", "fields": {"last_updated": "2011-02-22 23:27:48"}}, {"pk": 2, "model": "core.group", "fields": {"name": "General", "parent": null, "details": null}}, {"pk": 1, "model": "core.user", "fields": {"name": "admin", "default_group": 2, "disabled": false, "other_groups": [], "user": 1, "last_access": "2011-02-22 23:19:11"}}, {"pk": 15, "model": "core.object", "fields": {"last_updated": "2011-02-22 23:19:44", "links": [], "creator": null, "dislikes": [], "object_type": "hardtree.core.models.Perspective", "nuvius_resource": null, "read_access": [], "object_name": "Default", "full_access": [1, 2], "comments": [], "subscribers": [1], "date_created": "2011-02-22 23:19:44", "trash": false, "tags": [], "likes": []}}, {"pk": 16, "model": "core.object", "fields": {"last_updated": "2011-02-22 23:22:25", "links": [], "creator": null, "dislikes": [], "object_type": "hardtree.identities.models.ContactField", "nuvius_resource": null, "read_access": [], "object_name": "Address", "full_access": [1, 2], "comments": [], "subscribers": [], "date_created": "2011-02-22 23:22:25", "trash": false, "tags": [], "likes": []}}, {"pk": 17, "model": "core.object", "fields": {"last_updated": "2011-02-22 23:22:48", "links": [], "creator": null, "dislikes": [], "object_type": "hardtree.identities.models.ContactField", "nuvius_resource": null, "read_access": [], "object_name": "E-mail", "full_access": [1, 2], "comments": [], "subscribers": [], "date_created": "2011-02-22 23:22:48", "trash": false, "tags": [], "likes": []}}, {"pk": 18, "model": "core.object", "fields": {"last_updated": "2011-02-22 23:23:06", "links": [], "creator": null, "dislikes": [], "object_type": "hardtree.identities.models.ContactField", "nuvius_resource": null, "read_access": [], "object_name": "Phone", "full_access": [1, 2], "comments": [], "subscribers": [], "date_created": "2011-02-22 23:23:06", "trash": false, "tags": [], "likes": []}}, {"pk": 19, "model": "core.object", "fields": {"last_updated": "2011-02-22 23:23:30", "links": [], "creator": null, "dislikes": [], "object_type": "hardtree.identities.models.ContactField", "nuvius_resource": null, "read_access": [], "object_name": "Website", "full_access": [1, 2], "comments": [], "subscribers": [], "date_created": "2011-02-22 23:23:30", "trash": false, "tags": [], "likes": []}}, {"pk": 20, "model": "core.object", "fields": {"last_updated": "2011-02-22 23:23:54", "links": [], "creator": null, "dislikes": [], "object_type": "hardtree.identities.models.ContactField", "nuvius_resource": null, "read_access": [], "object_name": "Picture", "full_access": [1, 2], "comments": [], "subscribers": [], "date_created": "2011-02-22 23:23:54", "trash": false, "tags": [], "likes": []}}, {"pk": 21, "model": "core.object", "fields": {"last_updated": "2011-02-22 23:24:32", "links": [], "creator": null, "dislikes": [], "object_type": "hardtree.identities.models.ContactType", "nuvius_resource": null, "read_access": [], "object_name": "Company", "full_access": [1, 2], "comments": [], "subscribers": [1], "date_created": "2011-02-22 23:24:32", "trash": false, "tags": [], "likes": []}}, {"pk": 22, "model": "core.object", "fields": {"last_updated": "2011-02-22 23:24:53", "links": [], "creator": null, "dislikes": [], "object_type": "hardtree.identities.models.ContactType", "nuvius_resource": null, "read_access": [], "object_name": "Department", "full_access": [1, 2], "comments": [], "subscribers": [1], "date_created": "2011-02-22 23:24:53", "trash": false, "tags": [], "likes": []}}, {"pk": 23, "model": "core.object", "fields": {"last_updated": "2011-02-22 23:25:03", "links": [], "creator": null, "dislikes": [], "object_type": "hardtree.identities.models.ContactType", "nuvius_resource": null, "read_access": [], "object_name": "Person", "full_access": [1, 2], "comments": [], "subscribers": [1], "date_created": "2011-02-22 23:25:03", "trash": false, "tags": [], "likes": []}}, {"pk": 24, "model": "core.object", "fields": {"last_updated": "2011-02-22 23:25:53", "links": [], "creator": 1, "dislikes": [], "object_type": "hardtree.identities.models.Contact", "nuvius_resource": null, "read_access": [], "object_name": "Company", "full_access": [1, 2], "comments": [], "subscribers": [1], "date_created": "2011-02-22 23:25:53", "trash": false, "tags": [], "likes": []}}, {"pk": 25, "model": "core.object", "fields": {"last_updated": "2011-02-23 00:25:31", "links": [], "creator": 1, "dislikes": [], "object_type": "hardtree.identities.models.Contact", "nuvius_resource": null, "read_access": [], "object_name": "Admin", "full_access": [1, 2], "comments": [], "subscribers": [1], "date_created": "2011-02-22 23:26:31", "trash": false, "tags": [], "likes": []}}, {"pk": 26, "model": "core.object", "fields": {"last_updated": "2011-02-22 23:29:56", "links": [], "creator": null, "dislikes": [], "object_type": "hardtree.projects.models.TaskStatus", "nuvius_resource": null, "read_access": [], "object_name": "Open", "full_access": [1, 2], "comments": [], "subscribers": [1], "date_created": "2011-02-22 23:29:56", "trash": false, "tags": [], "likes": []}}, {"pk": 27, "model": "core.object", "fields": {"last_updated": "2011-02-22 23:30:10", "links": [], "creator": null, "dislikes": [], "object_type": "hardtree.projects.models.TaskStatus", "nuvius_resource": null, "read_access": [], "object_name": "Awaits Spec", "full_access": [1, 2], "comments": [], "subscribers": [1], "date_created": "2011-02-22 23:30:10", "trash": false, "tags": [], "likes": []}}, {"pk": 28, "model": "core.object", "fields": {"last_updated": "2011-02-22 23:30:23", "links": [], "creator": null, "dislikes": [], "object_type": "hardtree.projects.models.TaskStatus", "nuvius_resource": null, "read_access": [], "object_name": "Failed", "full_access": [1, 2], "comments": [], "subscribers": [1], "date_created": "2011-02-22 23:30:23", "trash": false, "tags": [], "likes": []}}, {"pk": 29, "model": "core.object", "fields": {"last_updated": "2011-02-22 23:30:34", "links": [], "creator": null, "dislikes": [], "object_type": "hardtree.projects.models.TaskStatus", "nuvius_resource": null, "read_access": [], "object_name": "Complete", "full_access": [1, 2], "comments": [], "subscribers": [1], "date_created": "2011-02-22 23:30:34", "trash": false, "tags": [], "likes": []}}, {"pk": 30, "model": "core.object", "fields": {"last_updated": "2011-02-22 23:31:19", "links": [], "creator": null, "dislikes": [], "object_type": "hardtree.services.models.TicketStatus", "nuvius_resource": null, "read_access": [], "object_name": "Open", "full_access": [1, 2], "comments": [], "subscribers": [], "date_created": "2011-02-22 23:31:19", "trash": false, "tags": [], "likes": []}}, {"pk": 31, "model": "core.object", "fields": {"last_updated": "2011-02-22 23:31:33", "links": [], "creator": null, "dislikes": [], "object_type": "hardtree.services.models.TicketStatus", "nuvius_resource": null, "read_access": [], "object_name": "Pending Caller", "full_access": [1, 2], "comments": [], "subscribers": [], "date_created": "2011-02-22 23:31:33", "trash": false, "tags": [], "likes": []}}, {"pk": 32, "model": "core.object", "fields": {"last_updated": "2011-02-22 23:31:49", "links": [], "creator": null, "dislikes": [], "object_type": "hardtree.services.models.TicketStatus", "nuvius_resource": null, "read_access": [], "object_name": "Pending Supplier", "full_access": [1, 2], "comments": [], "subscribers": [], "date_created": "2011-02-22 23:31:49", "trash": false, "tags": [], "likes": []}}, {"pk": 33, "model": "core.object", "fields": {"last_updated": "2011-02-22 23:32:02", "links": [], "creator": null, "dislikes": [], "object_type": "hardtree.services.models.TicketStatus", "nuvius_resource": null, "read_access": [], "object_name": "Won't Fix", "full_access": [1, 2], "comments": [], "subscribers": [], "date_created": "2011-02-22 23:32:02", "trash": false, "tags": [], "likes": []}}, {"pk": 34, "model": "core.object", "fields": {"last_updated": "2011-02-22 23:32:19", "links": [], "creator": null, "dislikes": [], "object_type": "hardtree.services.models.TicketStatus", "nuvius_resource": null, "read_access": [], "object_name": "Closed", "full_access": [1, 2], "comments": [], "subscribers": [], "date_created": "2011-02-22 23:32:19", "trash": false, "tags": [], "likes": []}}, {"pk": 35, "model": "core.object", "fields": {"last_updated": "2011-02-22 23:32:40", "links": [], "creator": null, "dislikes": [], "object_type": "hardtree.services.models.ServiceAgent", "nuvius_resource": null, "read_access": [], "object_name": "admin", "full_access": [1, 2], "comments": [], "subscribers": [1], "date_created": "2011-02-22 23:32:40", "trash": false, "tags": [], "likes": []}}, {"pk": 36, "model": "core.object", "fields": {"last_updated": "2011-02-22 23:33:18", "links": [], "creator": null, "dislikes": [], "object_type": "hardtree.documents.models.Folder", "nuvius_resource": null, "read_access": [], "object_name": "Default", "full_access": [1, 2], "comments": [], "subscribers": [1], "date_created": "2011-02-22 23:33:18", "trash": false, "tags": [], "likes": []}}, {"pk": 37, "model": "core.object", "fields": {"last_updated": "2011-02-22 23:40:34", "links": [], "creator": null, "dislikes": [], "object_type": "hardtree.finance.models.Currency", "nuvius_resource": null, "read_access": [], "object_name": "$    United States of America, Dollars", "full_access": [1, 2], "comments": [], "subscribers": [1], "date_created": "2011-02-22 23:33:59", "trash": false, "tags": [], "likes": []}}, {"pk": 38, "model": "core.object", "fields": {"last_updated": "2011-02-22 23:39:50", "links": [], "creator": null, "dislikes": [], "object_type": "hardtree.finance.models.Account", "nuvius_resource": null, "read_access": [], "object_name": "Default", "full_access": [1, 2], "comments": [], "subscribers": [1], "date_created": "2011-02-22 23:34:23", "trash": false, "tags": [], "likes": []}}, {"pk": 39, "model": "core.object", "fields": {"last_updated": "2011-02-22 23:40:46", "links": [], "creator": null, "dislikes": [], "object_type": "hardtree.messaging.models.MessageStream", "nuvius_resource": null, "read_access": [], "object_name": "General", "full_access": [1, 2], "comments": [], "subscribers": [1], "date_created": "2011-02-22 23:40:46", "trash": false, "tags": [], "likes": []}}, {"pk": 40, "model": "core.object", "fields": {"last_updated": "2011-02-22 23:54:36", "links": [], "creator": null, "dislikes": [], "object_type": "hardtree.services.models.TicketQueue", "nuvius_resource": null, "read_access": [], "object_name": "ServiceDesk", "full_access": [1, 2], "comments": [], "subscribers": [1], "date_created": "2011-02-22 23:54:36", "trash": false, "tags": [], "likes": []}}, {"pk": 41, "model": "core.object", "fields": {"last_updated": "2011-02-23 00:45:39", "links": [], "creator": null, "dislikes": [], "object_type": "hardtree.sales.models.SaleSource", "nuvius_resource": null, "read_access": [], "object_name": "Advertisement", "full_access": [1, 2], "comments": [], "subscribers": [], "date_created": "2011-02-23 00:40:10", "trash": false, "tags": [], "likes": []}}, {"pk": 43, "model": "core.object", "fields": {"last_updated": "2011-02-23 00:41:14", "links": [], "creator": null, "dislikes": [], "object_type": "hardtree.sales.models.SaleSource", "nuvius_resource": null, "read_access": [], "object_name": "Colleague", "full_access": [1, 2], "comments": [], "subscribers": [], "date_created": "2011-02-23 00:41:14", "trash": false, "tags": [], "likes": []}}, {"pk": 44, "model": "core.object", "fields": {"last_updated": "2011-02-23 00:41:35", "links": [], "creator": null, "dislikes": [], "object_type": "hardtree.sales.models.SaleSource", "nuvius_resource": null, "read_access": [], "object_name": "Friend", "full_access": [1, 2], "comments": [], "subscribers": [], "date_created": "2011-02-23 00:41:35", "trash": false, "tags": [], "likes": []}}, {"pk": 45, "model": "core.object", "fields": {"last_updated": "2011-02-23 00:41:46", "links": [], "creator": null, "dislikes": [], "object_type": "hardtree.sales.models.SaleSource", "nuvius_resource": null, "read_access": [], "object_name": "Search Engine", "full_access": [1, 2], "comments": [], "subscribers": [], "date_created": "2011-02-23 00:41:46", "trash": false, "tags": [], "likes": []}}, {"pk": 46, "model": "core.object", "fields": {"last_updated": "2011-02-23 00:45:54", "links": [], "creator": null, "dislikes": [], "object_type": "hardtree.sales.models.SaleSource", "nuvius_resource": null, "read_access": [], "object_name": "Other", "full_access": [1, 2], "comments": [], "subscribers": [], "date_created": "2011-02-23 00:41:57", "trash": false, "tags": [], "likes": []}}, {"pk": 47, "model": "core.object", "fields": {"last_updated": "2011-02-23 00:46:54", "links": [], "creator": null, "dislikes": [], "object_type": "hardtree.sales.models.SaleStatus", "nuvius_resource": null, "read_access": [], "object_name": "Open", "full_access": [1, 2], "comments": [], "subscribers": [], "date_created": "2011-02-23 00:42:44", "trash": false, "tags": [], "likes": []}}, {"pk": 48, "model": "core.object", "fields": {"last_updated": "2011-02-23 00:47:07", "links": [], "creator": null, "dislikes": [], "object_type": "hardtree.sales.models.SaleStatus", "nuvius_resource": null, "read_access": [], "object_name": "Paused", "full_access": [1, 2], "comments": [], "subscribers": [], "date_created": "2011-02-23 00:43:20", "trash": false, "tags": [], "likes": []}}, {"pk": 49, "model": "core.object", "fields": {"last_updated": "2011-02-23 00:49:06", "links": [], "creator": null, "dislikes": [], "object_type": "hardtree.sales.models.SaleStatus", "nuvius_resource": null, "read_access": [], "object_name": "Closed", "full_access": [1, 2], "comments": [], "subscribers": [], "date_created": "2011-02-23 00:43:38", "trash": false, "tags": [], "likes": []}}, {"pk": 50, "model": "core.object", "fields": {"last_updated": "2011-02-23 00:47:24", "links": [], "creator": null, "dislikes": [], "object_type": "hardtree.sales.models.SaleStatus", "nuvius_resource": null, "read_access": [], "object_name": "Failed", "full_access": [1, 2], "comments": [], "subscribers": [], "date_created": "2011-02-23 00:43:59", "trash": false, "tags": [], "likes": []}}, {"pk": 51, "model": "core.object", "fields": {"last_updated": "2011-08-19 23:28:29", "links": [], "creator": null, "dislikes": [], "object_type": "hardtree.infrastructure.models.ItemStatus", "nuvius_resource": null, "read_access": [], "object_name": "Active", "full_access": [], "comments": [], "subscribers": [1], "date_created": "2011-08-19 23:28:29", "trash": false, "tags": [], "likes": []}}, {"pk": 52, "model": "core.object", "fields": {"last_updated": "2011-08-19 23:28:53", "links": [], "creator": null, "dislikes": [], "object_type": "hardtree.infrastructure.models.ItemStatus", "nuvius_resource": null, "read_access": [], "object_name": "Unused", "full_access": [], "comments": [], "subscribers": [1], "date_created": "2011-08-19 23:28:53", "trash": false, "tags": [], "likes": []}}, {"pk": 53, "model": "core.object", "fields": {"last_updated": "2011-08-19 23:29:19", "links": [], "creator": null, "dislikes": [], "object_type": "hardtree.infrastructure.models.ItemStatus", "nuvius_resource": null, "read_access": [], "object_name": "Removed", "full_access": [], "comments": [], "subscribers": [1], "date_created": "2011-08-19 23:29:19", "trash": false, "tags": [], "likes": []}}, {"pk": 54, "model": "core.object", "fields": {"last_updated": "2011-08-19 23:29:50", "links": [], "creator": null, "dislikes": [], "object_type": "hardtree.infrastructure.models.ItemField", "nuvius_resource": null, "read_access": [], "object_name": "IP Address", "full_access": [], "comments": [], "subscribers": [], "date_created": "2011-08-19 23:29:50", "trash": false, "tags": [], "likes": []}}, {"pk": 55, "model": "core.object", "fields": {"last_updated": "2011-08-19 23:30:09", "links": [], "creator": null, "dislikes": [], "object_type": "hardtree.infrastructure.models.ItemField", "nuvius_resource": null, "read_access": [], "object_name": "Hostname", "full_access": [], "comments": [], "subscribers": [], "date_created": "2011-08-19 23:30:09", "trash": false, "tags": [], "likes": []}}, {"pk": 56, "model": "core.object", "fields": {"last_updated": "2011-08-19 23:33:47", "links": [], "creator": null, "dislikes": [], "object_type": "hardtree.infrastructure.models.ItemType", "nuvius_resource": null, "read_access": [], "object_name": "Workstation", "full_access": [], "comments": [], "subscribers": [1], "date_created": "2011-08-19 23:30:55", "trash": false, "tags": [], "likes": []}}, {"pk": 57, "model": "core.object", "fields": {"last_updated": "2011-08-19 23:32:12", "links": [], "creator": null, "dislikes": [], "object_type": "hardtree.infrastructure.models.ItemField", "nuvius_resource": null, "read_access": [], "object_name": "Operating System", "full_access": [], "comments": [], "subscribers": [], "date_created": "2011-08-19 23:32:12", "trash": false, "tags": [], "likes": []}}, {"pk": 58, "model": "core.object", "fields": {"last_updated": "2011-08-19 23:33:06", "links": [], "creator": null, "dislikes": [], "object_type": "hardtree.infrastructure.models.ItemField", "nuvius_resource": null, "read_access": [], "object_name": "Date Installed", "full_access": [], "comments": [], "subscribers": [], "date_created": "2011-08-19 23:33:06", "trash": false, "tags": [], "likes": []}}, {"pk": 59, "model": "core.object", "fields": {"last_updated": "2011-08-19 23:34:32", "links": [], "creator": null, "dislikes": [], "object_type": "hardtree.infrastructure.models.ItemType", "nuvius_resource": null, "read_access": [], "object_name": "Server", "full_access": [], "comments": [], "subscribers": [1], "date_created": "2011-08-19 23:34:32", "trash": false, "tags": [], "likes": []}}, {"pk": 60, "model": "core.object", "fields": {"last_updated": "2011-08-19 23:36:38", "links": [], "creator": null, "dislikes": [], "object_type": "hardtree.knowledge.models.KnowledgeFolder", "nuvius_resource": null, "read_access": [], "object_name": "Default", "full_access": [], "comments": [], "subscribers": [1], "date_created": "2011-08-19 23:36:38", "trash": false, "tags": [], "likes": []}}, {"pk": 75, "model": "core.object", "fields": {"last_updated": "2013-07-13 17:36:16", "links": [], "creator": 1, "dislikes": [], "object_type": "treeio.core.models.Module", "nuvius_resource": null, "read_access": [], "object_name": "Documents", "full_access": [], "comments": [], "subscribers": [], "date_created": "2013-07-13 17:36:16", "trash": false, "tags": [], "likes": []}}, {"pk": 76, "model": "core.object", "fields": {"last_updated": "2013-07-13 17:36:16", "links": [], "creator": 1, "dislikes": [], "object_type": "treeio.core.models.Module", "nuvius_resource": null, "read_access": [], "object_name": "News", "full_access": [], "comments": [], "subscribers": [], "date_created": "2013-07-13 17:36:16", "trash": false, "tags": [], "likes": []}}, {"pk": 77, "model": "core.object", "fields": {"last_updated": "2013-07-13 17:36:16", "links": [], "creator": 1, "dislikes": [], "object_type": "treeio.core.models.Module", "nuvius_resource": null, "read_access": [], "object_name": "Messaging", "full_access": [], "comments": [], "subscribers": [], "date_created": "2013-07-13 17:36:16", "trash": false, "tags": [], "likes": []}}, {"pk": 78, "model": "core.object", "fields": {"last_updated": "2013-07-13 17:36:16", "links": [], "creator": 1, "dislikes": [], "object_type": "treeio.core.models.Module", "nuvius_resource": null, "read_access": [], "object_name": "Calendar", "full_access": [], "comments": [], "subscribers": [], "date_created": "2013-07-13 17:36:16", "trash": false, "tags": [], "likes": []}}, {"pk": 79, "model": "core.object", "fields": {"last_updated": "2013-07-13 17:36:16", "links": [], "creator": 1, "dislikes": [], "object_type": "treeio.core.models.Module", "nuvius_resource": null, "read_access": [], "object_name": "Account", "full_access": [], "comments": [], "subscribers": [], "date_created": "2013-07-13 17:36:16", "trash": false, "tags": [], "likes": []}}, {"pk": 80, "model": "core.object", "fields": {"last_updated": "2013-07-13 17:36:16", "links": [], "creator": 1, "dislikes": [], "object_type": "treeio.core.models.Module", "nuvius_resource": null, "read_access": [], "object_name": "Reports", "full_access": [], "comments": [], "subscribers": [], "date_created": "2013-07-13 17:36:16", "trash": false, "tags": [], "likes": []}}, {"pk": 81, "model": "core.object", "fields": {"last_updated": "2013-07-13 17:36:16", "links": [], "creator": 1, "dislikes": [], "object_type": "treeio.core.models.Module", "nuvius_resource": null, "read_access": [], "object_name": "Contacts", "full_access": [], "comments": [], "subscribers": [], "date_created": "2013-07-13 17:36:16", "trash": false, "tags": [], "likes": []}}, {"pk": 82, "model": "core.object", "fields": {"last_updated": "2013-07-13 17:36:16", "links": [], "creator": 1, "dislikes": [], "object_type": "treeio.core.models.Module", "nuvius_resource": null, "read_access": [], "object_name": "Knowledge", "full_access": [], "comments": [], "subscribers": [], "date_created": "2013-07-13 17:36:16", "trash": false, "tags": [], "likes": []}}, {"pk": 83, "model": "core.object", "fields": {"last_updated": "2013-07-13 17:36:16", "links": [], "creator": 1, "dislikes": [], "object_type": "treeio.core.models.Module", "nuvius_resource": null, "read_access": [], "object_name": "Administration", "full_access": [], "comments": [], "subscribers": [], "date_created": "2013-07-13 17:36:16", "trash": false, "tags": [], "likes": []}}, {"pk": 84, "model": "core.object", "fields": {"last_updated": "2013-07-13 17:36:16", "links": [], "creator": 1, "dislikes": [], "object_type": "treeio.core.models.Module", "nuvius_resource": null, "read_access": [], "object_name": "Sales & Stock", "full_access": [], "comments": [], "subscribers": [], "date_created": "2013-07-13 17:36:16", "trash": false, "tags": [], "likes": []}}, {"pk": 85, "model": "core.object", "fields": {"last_updated": "2013-07-13 17:36:16", "links": [], "creator": 1, "dislikes": [], "object_type": "treeio.core.models.Module", "nuvius_resource": null, "read_access": [], "object_name": "Projects", "full_access": [], "comments": [], "subscribers": [], "date_created": "2013-07-13 17:36:16", "trash": false, "tags": [], "likes": []}}, {"pk": 86, "model": "core.object", "fields": {"last_updated": "2013-07-13 17:36:16", "links": [], "creator": 1, "dislikes": [], "object_type": "treeio.core.models.Module", "nuvius_resource": null, "read_access": [], "object_name": "Infrastructure", "full_access": [], "comments": [], "subscribers": [], "date_created": "2013-07-13 17:36:16", "trash": false, "tags": [], "likes": []}}, {"pk": 87, "model": "core.object", "fields": {"last_updated": "2013-07-13 17:36:16", "links": [], "creator": 1, "dislikes": [], "object_type": "treeio.core.models.Module", "nuvius_resource": null, "read_access": [], "object_name": "Service Support", "full_access": [], "comments": [], "subscribers": [], "date_created": "2013-07-13 17:36:16", "trash": false, "tags": [], "likes": []}}, {"pk": 88, "model": "core.object", "fields": {"last_updated": "2013-07-13 17:36:17", "links": [], "creator": 1, "dislikes": [], "object_type": "treeio.core.models.Module", "nuvius_resource": null, "read_access": [], "object_name": "Finance", "full_access": [], "comments": [], "subscribers": [], "date_created": "2013-07-13 17:36:17", "trash": false, "tags": [], "likes": []}}, {"pk": 79, "model": "core.module", "fields": {"name": "treeio.account", "links": [], "title": "Account", "url": "/account/", "tags": [], "dislikes": [], "system": true, "read_access": [], "full_access": [], "likes": [], "subscribers": [], "details": "User Account", "display": true, "comments": []}}, {"pk": 83, "model": "core.module", "fields": {"name": "treeio.core", "links": [], "title": "Administration", "url": "/admin/", "tags": [], "dislikes": [], "system": true, "read_access": [], "full_access": [], "likes": [], "subscribers": [], "details": "Core Administration", "display": true, "comments": []}}, {"pk": 75, "model": "core.module", "fields": {"name": "treeio.documents", "links": [], "title": "Documents", "url": "/documents/", "tags": [], "dislikes": [], "system": false, "read_access": [], "full_access": [], "likes": [], "subscribers": [], "details": "Manage documents", "display": true, "comments": []}}, {"pk": 78, "model": "core.module", "fields": {"name": "treeio.events", "links": [], "title": "Calendar", "url": "/calendar/", "tags": [], "dislikes": [], "system": true, "read_access": [], "full_access": [], "likes": [], "subscribers": [], "details": "Manage events and calendars", "display": true, "comments": []}}, {"pk": 88, "model": "core.module", "fields": {"name": "treeio.finance", "links": [], "title": "Finance", "url": "/finance/", "tags": [], "dislikes": [], "system": false, "read_access": [], "full_access": [], "likes": [], "subscribers": [], "details": "Manage finance", "display": true, "comments": []}}, {"pk": 81, "model": "core.module", "fields": {"name": "treeio.identities", "links": [], "title": "Contacts", "url": "/contacts/", "tags": [], "dislikes": [], "system": true, "read_access": [], "full_access": [], "likes": [], "subscribers": [], "details": "Manage users, groups, companies and corresponding contacts", "display": true, "comments": []}}, {"pk": 86, "model": "core.module", "fields": {"name": "treeio.infrastructure", "links": [], "title": "Infrastructure", "url": "/infrastructure/", "tags": [], "dislikes": [], "system": false, "read_access": [], "full_access": [], "likes": [], "subscribers": [], "details": "Manage infrastructure (fixed assets)", "display": true, "comments": []}}, {"pk": 82, "model": "core.module", "fields": {"name": "treeio.knowledge", "links": [], "title": "Knowledge", "url": "/knowledge/", "tags": [], "dislikes": [], "system": false, "read_access": [], "full_access": [], "likes": [], "subscribers": [], "details": "Manage your knowledge", "display": true, "comments": []}}, {"pk": 77, "model": "core.module", "fields": {"name": "treeio.messaging", "links": [], "title": "Messaging", "url": "/messaging/", "tags": [], "dislikes": [], "system": false, "read_access": [], "full_access": [], "likes": [], "subscribers": [], "details": "Sending messages", "display": true, "comments": []}}, {"pk": 76, "model": "core.module", "fields": {"name": "treeio.news", "links": [], "title": "News", "url": "/news/", "tags": [], "dislikes": [], "system": false, "read_access": [], "full_access": [], "likes": [], "subscribers": [], "details": "Internal and external news", "display": true, "comments": []}}, {"pk": 85, "model": "core.module", "fields": {"name": "treeio.projects", "links": [], "title": "Projects", "url": "/projects/", "tags": [], "dislikes": [], "system": false, "read_access": [], "full_access": [], "likes": [], "subscribers": [], "details": "Manage your projects", "display": true, "comments": []}}, {"pk": 80, "model": "core.module", "fields": {"name": "treeio.reports", "links": [], "title": "Reports", "url": "/reports/", "tags": [], "dislikes": [], "system": false, "read_access": [], "full_access": [], "likes": [], "subscribers": [], "details": "Create Reports", "display": true, "comments": []}}, {"pk": 84, "model": "core.module", "fields": {"name": "treeio.sales", "links": [], "title": "Sales & Stock", "url": "/sales/", "tags": [], "dislikes": [], "system": false, "read_access": [], "full_access": [], "likes": [], "subscribers": [], "details": "Sales and Client Relationship Management", "display": true, "comments": []}}, {"pk": 87, "model": "core.module", "fields": {"name": "treeio.services", "links": [], "title": "Service Support", "url": "/services/", "tags": [], "dislikes": [], "system": false, "read_access": [], "full_access": [], "likes": [], "subscribers": [], "details": "Service delivery and support management", "display": true, "comments": []}}, {"pk": 15, "model": "core.perspective", "fields": {"name": "Default", "links": [], "tags": [], "modules": [], "dislikes": [], "comments": [], "full_access": [1, 2], "read_access": [], "subscribers": [1], "details": "", "likes": []}}, {"pk": 1, "model": "core.modulesetting", "fields": {"value": "15", "group": 2, "name": "default_perspective", "module": 83, "label": "default_perspective", "perspective": null, "user": null}}, {"pk": 36, "model": "documents.folder", "fields": {"parent": null, "name": "Default", "links": [], "tags": [], "dislikes": [], "read_access": [], "full_access": [1, 2], "comments": [], "subscribers": [1], "likes": []}}, {"pk": 37, "model": "finance.currency", "fields": {"code": "USD", "name": "United States of America, Dollars", "links": [], "tags": [], "dislikes": [], "symbol": "$", "is_active": true, "read_access": [], "is_default": true, "full_access": [1, 2], "comments": [], "subscribers": [1], "factor": 1, "likes": []}}, {"pk": 38, "model": "finance.account", "fields": {"balance": 0, "name": "Default", "links": [], "tags": [], "dislikes": [], "balance_display": 0, "comments": [], "full_access": [1, 2], "balance_currency": 37, "subscribers": [1], "owner": 24, "details": "", "read_access": [], "likes": []}}, {"pk": 16, "model": "identities.contactfield", "fields": {"field_type": "details", "name": "address", "links": [], "tags": [], "required": false, "dislikes": [], "read_access": [], "allowed_values": null, "full_access": [1, 2], "likes": [], "subscribers": [], "details": "", "label": "Address", "comments": []}}, {"pk": 17, "model": "identities.contactfield", "fields": {"field_type": "email", "name": "email", "links": [], "tags": [], "required": false, "dislikes": [], "read_access": [], "allowed_values": null, "full_access": [1, 2], "likes": [], "subscribers": [], "details": "", "label": "E-mail", "comments": []}}, {"pk": 18, "model": "identities.contactfield", "fields": {"field_type": "phone", "name": "phone", "links": [], "tags": [], "required": false, "dislikes": [], "read_access": [], "allowed_values": null, "full_access": [1, 2], "likes": [], "subscribers": [], "details": "", "label": "Phone", "comments": []}}, {"pk": 20, "model": "identities.contactfield", "fields": {"field_type": "picture", "name": "picture", "links": [], "tags": [], "required": false, "dislikes": [], "read_access": [], "allowed_values": null, "full_access": [1, 2], "likes": [], "subscribers": [], "details": "", "label": "Picture", "comments": []}}, {"pk": 19, "model": "identities.contactfield", "fields": {"field_type": "url", "name": "url", "links": [], "tags": [], "required": false, "dislikes": [], "read_access": [], "allowed_values": null, "full_access": [1, 2], "likes": [], "subscribers": [], "details": "", "label": "Website", "comments": []}}, {"pk": 21, "model": "identities.contacttype", "fields": {"name": "Company", "links": [], "tags": [], "fields": [16, 17, 18, 20, 19], "dislikes": [], "comments": [], "full_access": [1, 2], "read_access": [], "subscribers": [1], "details": "", "slug": "company", "likes": []}}, {"pk": 22, "model": "identities.contacttype", "fields": {"name": "Department", "links": [], "tags": [], "fields": [16, 17, 18, 19], "dislikes": [], "comments": [], "full_access": [1, 2], "read_access": [], "subscribers": [1], "details": "", "slug": "department", "likes": []}}, {"pk": 23, "model": "identities.contacttype", "fields": {"name": "Person", "links": [], "tags": [], "fields": [16, 17, 18, 20, 19], "dislikes": [], "comments": [], "full_access": [1, 2], "read_access": [], "subscribers": [1], "details": "", "slug": "person", "likes": []}}, {"pk": 25, "model": "identities.contact", "fields": {"parent": null, "name": "Admin", "links": [], "contact_type": 23, "tags": [], "dislikes": [], "read_access": [], "full_access": [1, 2], "comments": [], "subscribers": [1], "related_user": 1, "likes": []}}, {"pk": 24, "model": "identities.contact", "fields": {"parent": null, "name": "Company", "links": [], "contact_type": 21, "tags": [], "dislikes": [], "read_access": [], "full_access": [1, 2], "comments": [], "subscribers": [1], "related_user": null, "likes": []}}, {"pk": 1, "model": "identities.contactvalue", "fields": {"field": 16, "contact": 24, "value": ""}}, {"pk": 2, "model": "identities.contactvalue", "fields": {"field": 17, "contact": 24, "value": ""}}, {"pk": 3, "model": "identities.contactvalue", "fields": {"field": 18, "contact": 24, "value": ""}}, {"pk": 4, "model": "identities.contactvalue", "fields": {"field": 20, "contact": 24, "value": ""}}, {"pk": 5, "model": "identities.contactvalue", "fields": {"field": 19, "contact": 24, "value": ""}}, {"pk": 11, "model": "identities.contactvalue", "fields": {"field": 16, "contact": 25, "value": ""}}, {"pk": 12, "model": "identities.contactvalue", "fields": {"field": 17, "contact": 25, "value": ""}}, {"pk": 13, "model": "identities.contactvalue", "fields": {"field": 18, "contact": 25, "value": ""}}, {"pk": 14, "model": "identities.contactvalue", "fields": {"field": 20, "contact": 25, "value": ""}}, {"pk": 15, "model": "identities.contactvalue", "fields": {"field": 17, "contact": 25, "value": "admin@example.com"}}, {"pk": 55, "model": "infrastructure.itemfield", "fields": {"field_type": "text", "name": "hostname", "links": [], "tags": [], "required": false, "dislikes": [], "read_access": [], "allowed_values": null, "full_access": [], "likes": [], "subscribers": [], "details": "", "label": "Hostname", "comments": []}}, {"pk": 54, "model": "infrastructure.itemfield", "fields": {"field_type": "text", "name": "ip-address", "links": [], "tags": [], "required": false, "dislikes": [], "read_access": [], "allowed_values": null, "full_access": [], "likes": [], "subscribers": [], "details": "", "label": "IP Address", "comments": []}}, {"pk": 57, "model": "infrastructure.itemfield", "fields": {"field_type": "text", "name": "os", "links": [], "tags": [], "required": false, "dislikes": [], "read_access": [], "allowed_values": null, "full_access": [], "likes": [], "subscribers": [], "details": "", "label": "Operating System", "comments": []}}, {"pk": 58, "model": "infrastructure.itemfield", "fields": {"field_type": "date", "name": "setup_date", "links": [], "tags": [], "required": false, "dislikes": [], "read_access": [], "allowed_values": null, "full_access": [], "likes": [], "subscribers": [], "details": "", "label": "Date Installed", "comments": []}}, {"pk": 59, "model": "infrastructure.itemtype", "fields": {"parent": null, "links": [], "tags": [], "fields": [55, 54, 57, 58], "dislikes": [], "comments": [], "name": "Server", "full_access": [], "read_access": [], "subscribers": [1], "details": "", "likes": []}}, {"pk": 56, "model": "infrastructure.itemtype", "fields": {"parent": null, "links": [], "tags": [], "fields": [55, 54, 57, 58], "dislikes": [], "comments": [], "name": "Workstation", "full_access": [], "read_access": [], "subscribers": [1], "details": "", "likes": []}}, {"pk": 51, "model": "infrastructure.itemstatus", "fields": {"name": "Active", "links": [], "tags": [], "dislikes": [], "read_access": [], "full_access": [], "comments": [], "subscribers": [1], "active": true, "details": "", "hidden": false, "likes": []}}, {"pk": 52, "model": "infrastructure.itemstatus", "fields": {"name": "Unused", "links": [], "tags": [], "dislikes": [], "read_access": [], "full_access": [], "comments": [], "subscribers": [1], "active": false, "details": "", "hidden": false, "likes": []}}, {"pk": 53, "model": "infrastructure.itemstatus", "fields": {"name": "Removed", "links": [], "tags": [], "dislikes": [], "read_access": [], "full_access": [], "comments": [], "subscribers": [1], "active": false, "details": "", "hidden": true, "likes": []}}, {"pk": 60, "model": "knowledge.knowledgefolder", "fields": {"parent": null, "links": [], "tags": [], "dislikes": [], "read_access": [], "name": "Default", "full_access": [], "comments": [], "subscribers": [1], "details": "", "treepath": "default/", "likes": []}}, {"pk": 39, "model": "messaging.messagestream", "fields": {"outgoing_server_username": "", "likes": [], "outgoing_server_type": null, "incoming_server_name": "", "name": "General", "links": [], "outgoing_password": "", "incoming_server_type": null, "tags": [], "dislikes": [], "outgoing_server_name": "", "incoming_server_username": "", "full_access": [1, 2], "comments": [], "subscribers": [1], "last_checked": null, "outgoing_email": "", "read_access": [], "faulty": false, "incoming_password": ""}}, {"pk": 26, "model": "projects.taskstatus", "fields": {"name": "Open", "links": [], "tags": [], "dislikes": [], "read_access": [], "full_access": [1, 2], "comments": [], "subscribers": [1], "active": true, "details": "", "hidden": false, "likes": []}}, {"pk": 27, "model": "projects.taskstatus", "fields": {"name": "In progress", "links": [], "tags": [], "dislikes": [], "read_access": [], "full_access": [1, 2], "comments": [], "subscribers": [1], "active": false, "details": "", "hidden": false, "likes": []}}, {"pk": 28, "model": "projects.taskstatus", "fields": {"name": "Failed", "links": [], "tags": [], "dislikes": [], "read_access": [], "full_access": [1, 2], "comments": [], "subscribers": [1], "active": true, "details": "", "hidden": true, "likes": []}}, {"pk": 29, "model": "projects.taskstatus", "fields": {"name": "Complete", "links": [], "tags": [], "dislikes": [], "read_access": [], "full_access": [1, 2], "comments": [], "subscribers": [1], "active": false, "details": "", "hidden": true, "likes": []}}, {"pk": 49, "model": "sales.salestatus", "fields": {"use_sales": true, "links": [], "tags": [], "dislikes": [], "comments": [], "active": true, "full_access": [1, 2], "likes": [], "subscribers": [], "use_leads": true, "details": "", "hidden": false, "read_access": [], "use_opportunities": true, "name": "Closed"}}, {"pk": 47, "model": "sales.salestatus", "fields": {"use_sales": true, "links": [], "tags": [], "dislikes": [], "comments": [], "active": true, "full_access": [1, 2], "likes": [], "subscribers": [], "use_leads": true, "details": "", "hidden": false, "read_access": [], "use_opportunities": true, "name": "Open"}}, {"pk": 48, "model": "sales.salestatus", "fields": {"use_sales": true, "links": [], "tags": [], "dislikes": [], "comments": [], "active": true, "full_access": [1, 2], "likes": [], "subscribers": [], "use_leads": true, "details": "", "hidden": false, "read_access": [], "use_opportunities": true, "name": "Paused"}}, {"pk": 50, "model": "sales.salestatus", "fields": {"use_sales": true, "links": [], "tags": [], "dislikes": [], "comments": [], "active": false, "full_access": [1, 2], "likes": [], "subscribers": [], "use_leads": true, "details": "", "hidden": false, "read_access": [], "use_opportunities": true, "name": "Failed"}}, {"pk": 41, "model": "sales.salesource", "fields": {"name": "Advertisement", "links": [], "tags": [], "dislikes": [], "read_access": [], "full_access": [1, 2], "comments": [], "subscribers": [], "active": true, "details": "", "likes": []}}, {"pk": 43, "model": "sales.salesource", "fields": {"name": "Colleague", "links": [], "tags": [], "dislikes": [], "read_access": [], "full_access": [1, 2], "comments": [], "subscribers": [], "active": true, "details": "", "likes": []}}, {"pk": 44, "model": "sales.salesource", "fields": {"name": "Friend", "links": [], "tags": [], "dislikes": [], "read_access": [], "full_access": [1, 2], "comments": [], "subscribers": [], "active": true, "details": "", "likes": []}}, {"pk": 46, "model": "sales.salesource", "fields": {"name": "Other", "links": [], "tags": [], "dislikes": [], "read_access": [], "full_access": [1, 2], "comments": [], "subscribers": [], "active": true, "details": "", "likes": []}}, {"pk": 45, "model": "sales.salesource", "fields": {"name": "Search Engine", "links": [], "tags": [], "dislikes": [], "read_access": [], "full_access": [1, 2], "comments": [], "subscribers": [], "active": true, "details": "", "likes": []}}, {"pk": 30, "model": "services.ticketstatus", "fields": {"name": "Open", "links": [], "tags": [], "dislikes": [], "read_access": [], "full_access": [1, 2], "comments": [], "subscribers": [], "active": true, "details": "", "hidden": false, "likes": []}}, {"pk": 31, "model": "services.ticketstatus", "fields": {"name": "Pending Caller", "links": [], "tags": [], "dislikes": [], "read_access": [], "full_access": [1, 2], "comments": [], "subscribers": [], "active": false, "details": "", "hidden": false, "likes": []}}, {"pk": 32, "model": "services.ticketstatus", "fields": {"name": "Pending Supplier", "links": [], "tags": [], "dislikes": [], "read_access": [], "full_access": [1, 2], "comments": [], "subscribers": [], "active": false, "details": "", "hidden": false, "likes": []}}, {"pk": 33, "model": "services.ticketstatus", "fields": {"name": "Won't Fix", "links": [], "tags": [], "dislikes": [], "read_access": [], "full_access": [1, 2], "comments": [], "subscribers": [], "active": true, "details": "", "hidden": true, "likes": []}}, {"pk": 34, "model": "services.ticketstatus", "fields": {"name": "Closed", "links": [], "tags": [], "dislikes": [], "read_access": [], "full_access": [1, 2], "comments": [], "subscribers": [], "active": false, "details": "", "hidden": true, "likes": []}}, {"pk": 35, "model": "services.serviceagent", "fields": {"available_from": null, "links": [], "tags": [], "available_to": null, "dislikes": [], "read_access": [], "full_access": [1, 2], "comments": [], "subscribers": [1], "active": true, "related_user": 1, "occupied": false, "likes": []}}, {"pk": 40, "model": "services.ticketqueue", "fields": {"default_ticket_priority": 3, "next_queue": null, "name": "ServiceDesk", "parent": null, "tags": [], "dislikes": [], "links": [], "comments": [], "default_service": null, "ticket_code": "", "likes": [], "subscribers": [1], "active": true, "details": "", "read_access": [], "message_stream": null, "full_access": [1, 2], "default_ticket_status": 30, "waiting_time": null}}, {"pk": 1, "model": "south.migrationhistory", "fields": {"applied": "2013-07-13 12:10:38", "app_name": "account", "migration": "0001_initial"}}, {"pk": 2, "model": "south.migrationhistory", "fields": {"applied": "2013-07-13 12:10:38", "app_name": "account", "migration": "0002_auto__add_notification__add_notificationsetting"}}, {"pk": 3, "model": "south.migrationhistory", "fields": {"applied": "2013-07-13 12:10:38", "app_name": "core", "migration": "0001_initial"}}, {"pk": 4, "model": "south.migrationhistory", "fields": {"applied": "2013-07-13 12:10:38", "app_name": "core", "migration": "0002_auto__del_notification__add_comment__add_tag__add_revisionfield__add_r"}}, {"pk": 5, "model": "south.migrationhistory", "fields": {"applied": "2013-07-13 12:10:38", "app_name": "core", "migration": "0003_treeiocore"}}, {"pk": 6, "model": "south.migrationhistory", "fields": {"applied": "2013-07-13 12:10:38", "app_name": "core", "migration": "0004_auto__del_field_object_user"}}, {"pk": 7, "model": "south.migrationhistory", "fields": {"applied": "2013-07-13 12:10:38", "app_name": "core", "migration": "0005_auto__del_field_group_id__chg_field_group_accessentity_ptr__del_field_"}}, {"pk": 8, "model": "south.migrationhistory", "fields": {"applied": "2013-07-13 12:10:38", "app_name": "core", "migration": "0006_auto__add_configsetting"}}, {"pk": 9, "model": "south.migrationhistory", "fields": {"applied": "2013-07-13 12:10:38", "app_name": "core", "migration": "0007_auto__add_attachment"}}, {"pk": 10, "model": "south.migrationhistory", "fields": {"applied": "2013-07-13 12:10:38", "app_name": "core", "migration": "0008_auto__add_field_attachment_filename"}}, {"pk": 11, "model": "south.migrationhistory", "fields": {"applied": "2013-07-13 12:10:38", "app_name": "api", "migration": "0001_initial"}}, {"pk": 12, "model": "south.migrationhistory", "fields": {"applied": "2013-07-13 12:10:38", "app_name": "api", "migration": "0002_auto__add_field_consumer_owner"}}, {"pk": 13, "model": "south.migrationhistory", "fields": {"applied": "2013-07-13 12:10:38", "app_name": "documents", "migration": "0001_initial"}}, {"pk": 14, "model": "south.migrationhistory", "fields": {"applied": "2013-07-13 12:10:38", "app_name": "events", "migration": "0001_initial"}}, {"pk": 15, "model": "south.migrationhistory", "fields": {"applied": "2013-07-13 12:10:38", "app_name": "finance", "migration": "0001_initial"}}, {"pk": 16, "model": "south.migrationhistory", "fields": {"applied": "2013-07-13 12:10:38", "app_name": "finance", "migration": "0002_auto__add_currency__add_tax__add_field_liability_value_currency__add_f"}}, {"pk": 17, "model": "south.migrationhistory", "fields": {"applied": "2013-07-13 12:10:38", "app_name": "finance", "migration": "0003_treeiocurrency"}}, {"pk": 18, "model": "south.migrationhistory", "fields": {"applied": "2013-07-13 12:10:38", "app_name": "identities", "migration": "0001_initial"}}, {"pk": 19, "model": "south.migrationhistory", "fields": {"applied": "2013-07-13 12:10:38", "app_name": "identities", "migration": "0002_auto__chg_field_contact_related_user"}}, {"pk": 20, "model": "south.migrationhistory", "fields": {"applied": "2013-07-13 12:10:38", "app_name": "identities", "migration": "0003_related_accessentity"}}, {"pk": 21, "model": "south.migrationhistory", "fields": {"applied": "2013-07-13 12:10:38", "app_name": "identities", "migration": "0004_auto__del_field_contact_related_group"}}, {"pk": 22, "model": "south.migrationhistory", "fields": {"applied": "2013-07-13 12:10:38", "app_name": "infrastructure", "migration": "0001_initial"}}, {"pk": 23, "model": "south.migrationhistory", "fields": {"applied": "2013-07-13 12:10:38", "app_name": "knowledge", "migration": "0001_initial"}}, {"pk": 24, "model": "south.migrationhistory", "fields": {"applied": "2013-07-13 12:10:38", "app_name": "messaging", "migration": "0001_initial"}}, {"pk": 25, "model": "south.migrationhistory", "fields": {"applied": "2013-07-13 12:10:38", "app_name": "messaging", "migration": "0002_auto__add_mailinglist__add_template__add_field_message_mlist__chg_fiel"}}, {"pk": 26, "model": "south.migrationhistory", "fields": {"applied": "2013-07-13 12:10:38", "app_name": "messaging", "migration": "0003_merge_emailbox_stream"}}, {"pk": 27, "model": "south.migrationhistory", "fields": {"applied": "2013-07-13 12:10:38", "app_name": "messaging", "migration": "0004_auto__del_emailbox__del_field_messagestream_email_outgoing__del_field_"}}, {"pk": 28, "model": "south.migrationhistory", "fields": {"applied": "2013-07-13 12:10:38", "app_name": "news", "migration": "0001_initial"}}, {"pk": 29, "model": "south.migrationhistory", "fields": {"applied": "2013-07-13 12:10:38", "app_name": "projects", "migration": "0001_initial"}}, {"pk": 30, "model": "south.migrationhistory", "fields": {"applied": "2013-07-13 12:10:38", "app_name": "projects", "migration": "0002_updaterecords"}}, {"pk": 31, "model": "south.migrationhistory", "fields": {"applied": "2013-07-13 12:10:38", "app_name": "projects", "migration": "0003_auto__add_field_tasktimeslot_user"}}, {"pk": 32, "model": "south.migrationhistory", "fields": {"applied": "2013-07-13 12:10:38", "app_name": "projects", "migration": "0004_timeslots"}}, {"pk": 33, "model": "south.migrationhistory", "fields": {"applied": "2013-07-13 12:10:38", "app_name": "projects", "migration": "0005_auto__del_taskrecord"}}, {"pk": 34, "model": "south.migrationhistory", "fields": {"applied": "2013-07-13 12:10:38", "app_name": "projects", "migration": "0006_auto__add_field_task_depends"}}, {"pk": 35, "model": "south.migrationhistory", "fields": {"applied": "2013-07-13 12:10:38", "app_name": "reports", "migration": "0001_initial"}}, {"pk": 36, "model": "south.migrationhistory", "fields": {"applied": "2013-07-13 12:10:38", "app_name": "reports", "migration": "0002_auto__del_template__add_chart__del_field_report_template__add_field_re"}}, {"pk": 37, "model": "south.migrationhistory", "fields": {"applied": "2013-07-13 12:10:38", "app_name": "reports", "migration": "0003_delete_old"}}, {"pk": 38, "model": "south.migrationhistory", "fields": {"applied": "2013-07-13 12:10:38", "app_name": "sales", "migration": "0001_initial"}}, {"pk": 39, "model": "south.migrationhistory", "fields": {"applied": "2013-07-13 12:10:38", "app_name": "sales", "migration": "0002_auto__del_updaterecord__add_field_orderedproduct_tax__add_field_ordere"}}, {"pk": 40, "model": "south.migrationhistory", "fields": {"applied": "2013-07-13 12:10:38", "app_name": "sales", "migration": "0003_treeiocurrency"}}, {"pk": 41, "model": "south.migrationhistory", "fields": {"applied": "2013-07-13 12:10:38", "app_name": "sales", "migration": "0004_auto__chg_field_orderedproduct_quantity"}}, {"pk": 42, "model": "south.migrationhistory", "fields": {"applied": "2013-07-13 12:10:38", "app_name": "services", "migration": "0001_initial"}}, {"pk": 43, "model": "south.migrationhistory", "fields": {"applied": "2013-07-13 12:10:38", "app_name": "services", "migration": "0002_auto__add_field_ticketrecord_updaterecord_ptr"}}, {"pk": 44, "model": "south.migrationhistory", "fields": {"applied": "2013-07-13 12:10:38", "app_name": "services", "migration": "0003_updaterecords"}}, {"pk": 45, "model": "south.migrationhistory", "fields": {"applied": "2013-07-13 12:10:38", "app_name": "services", "migration": "0004_auto__del_field_ticketrecord_record_type__del_field_ticketrecord_detai"}}, {"pk": 46, "model": "south.migrationhistory", "fields": {"applied": "2013-07-13 12:10:38", "app_name": "captcha", "migration": "0001_initial"}}, {"pk": 1, "model": "auth.user", "fields": {"username": "admin", "first_name": "", "last_name": "", "is_active": true, "is_superuser": true, "is_staff": true, "last_login": "2013-07-13 19:07:38", "groups": [], "user_permissions": [], "password": "sha1$d8f5f$cec9e212286bf5b056e72539c55227d94a21b4b7", "email": "admin@example.com", "date_joined": "2011-11-08 19:42:16"}}]